qid,lang,title,url
Q1284,it,Abruzzo,https://it.wikipedia.org/wiki/Abruzzo
Q122,it,Agosto,https://it.wikipedia.org/wiki/Agosto
Q118,it,Aprile,https://it.wikipedia.org/wiki/Aprile
Q1199,it,Assia,https://it.wikipedia.org/wiki/Assia
Q13496,it,Brindisi,https://it.wikipedia.org/wiki/Brindisi
Q13680,it,Caltanissetta,https://it.wikipedia.org/wiki/Caltanissetta
Q1297,it,Chicago,https://it.wikipedia.org/wiki/Chicago
Q116341,it,Coriza,https://it.wikipedia.org/wiki/Coriza
Q1072,it,Cuore,https://it.wikipedia.org/wiki/Cuore
Q1067,it,Dante Alighieri,https://it.wikipedia.org/wiki/Dante_Alighieri
Q126,it,Dicembre,https://it.wikipedia.org/wiki/Dicembre
Q114257,it,Elbasan,https://it.wikipedia.org/wiki/Elbasan
Q1263,it,Emilia-Romagna,https://it.wikipedia.org/wiki/Emilia-Romagna
Q109,it,Febbraio,https://it.wikipedia.org/wiki/Febbraio
Q1250,it,Friuli-Venezia Giulia,https://it.wikipedia.org/wiki/Friuli-Venezia_Giulia
Q108,it,Gennaio,https://it.wikipedia.org/wiki/Gennaio
Q120,it,Giugno,https://it.wikipedia.org/wiki/Giugno
Q1282,it,Lazio,https://it.wikipedia.org/wiki/Lazio
Q1256,it,Liguria,https://it.wikipedia.org/wiki/Liguria
Q1321,it,Lingua spagnola,https://it.wikipedia.org/wiki/Lingua_spagnola
Q1210,it,Lombardia,https://it.wikipedia.org/wiki/Lombardia
Q13373,it,Lucca,https://it.wikipedia.org/wiki/Lucca
Q121,it,Luglio,https://it.wikipedia.org/wiki/Luglio
Q105,it,Lunedì,https://it.wikipedia.org/wiki/Luned%C3%AC
Q119,it,Maggio,https://it.wikipedia.org/wiki/Maggio
Q1279,it,Marche,https://it.wikipedia.org/wiki/Marche
Q111,it,Marte (astronomia),https://it.wikipedia.org/wiki/Marte_(astronomia)
Q127,it,Martedì,https://it.wikipedia.org/wiki/Marted%C3%AC
Q110,it,Marzo,https://it.wikipedia.org/wiki/Marzo
Q13666,it,Messina,https://it.wikipedia.org/wiki/Messina
Q125,it,Novembre,https://it.wikipedia.org/wiki/Novembre
Q1065,it,Organizzazione delle Nazioni Unite,https://it.wikipedia.org/wiki/Organizzazione_delle_Nazioni_Unite
Q124,it,Ottobre,https://it.wikipedia.org/wiki/Ottobre
Q1216,it,Piemonte,https://it.wikipedia.org/wiki/Piemonte
Q13375,it,Pisa,https://it.wikipedia.org/wiki/Pisa
Q1085,it,Praga,https://it.wikipedia.org/wiki/Praga
Q13629,it,Sassari,https://it.wikipedia.org/wiki/Sassari
Q123,it,Settembre,https://it.wikipedia.org/wiki/Settembre
Q11860,it,Silvio Berlusconi,https://it.wikipedia.org/wiki/Silvio_Berlusconi
Q1299,it,The Beatles,https://it.wikipedia.org/wiki/The_Beatles
Q1273,it,Toscana,https://it.wikipedia.org/wiki/Toscana
Q1404,it,Uetersen,https://it.wikipedia.org/wiki/Uetersen
Q1280,it,Umbria,https://it.wikipedia.org/wiki/Umbria
Q132140,it,Università federale del Minas Gerais,https://it.wikipedia.org/wiki/Universit%C3%A0_federale_del_Minas_Gerais
Q1243,it,Veneto,https://it.wikipedia.org/wiki/Veneto
Q15,it,Africa,https://it.wikipedia.org/wiki/Africa
Q173,it,Alabama,https://it.wikipedia.org/wiki/Alabama
Q173690,it,Argirocastro,https://it.wikipedia.org/wiki/Argirocastro
Q1492,it,Barcellona,https://it.wikipedia.org/wiki/Barcellona
Q1452,it,Basilicata,https://it.wikipedia.org/wiki/Basilicata
Q170244,it,Berat,https://it.wikipedia.org/wiki/Berat
Q1479,it,Bordeaux,https://it.wikipedia.org/wiki/Bordeaux
Q155,it,Brasile,https://it.wikipedia.org/wiki/Brasile
Q1486,it,Buenos Aires,https://it.wikipedia.org/wiki/Buenos_Aires
Q1458,it,Calabria,https://it.wikipedia.org/wiki/Calabria
Q1438,it,Campania,https://it.wikipedia.org/wiki/Campania
Q16,it,Canada,https://it.wikipedia.org/wiki/Canada
Q159106,it,Centro Federale di Educazione Tecnologica di Minas Gerais,https://it.wikipedia.org/wiki/Centro_Federale_di_Educazione_Tecnologica_di_Minas_Gerais
Q148,it,Cina,https://it.wikipedia.org/wiki/Cina
Q1489,it,Città del Messico,https://it.wikipedia.org/wiki/Citt%C3%A0_del_Messico
Q1748,it,Copenaghen,https://it.wikipedia.org/wiki/Copenaghen
Q142,it,Francia,https://it.wikipedia.org/wiki/Francia
Q157,it,François Hollande,https://it.wikipedia.org/wiki/Fran%C3%A7ois_Hollande
Q1449,it,Genova,https://it.wikipedia.org/wiki/Genova
Q14759,it,Lingua dei segni americana,https://it.wikipedia.org/wiki/Lingua_dei_segni_americana
Q150,it,Lingua francese,https://it.wikipedia.org/wiki/Lingua_francese
Q15085,it,Lingua piemontese,https://it.wikipedia.org/wiki/Lingua_piemontese
Q165,it,Mare,https://it.wikipedia.org/wiki/Mare
Q15143059,it,Maria Elena Boschi,https://it.wikipedia.org/wiki/Maria_Elena_Boschi
Q1494,it,Mississippi (stato),https://it.wikipedia.org/wiki/Mississippi_(stato)
Q1443,it,Molise,https://it.wikipedia.org/wiki/Molise
Q1726,it,Monaco di Baviera,https://it.wikipedia.org/wiki/Monaco_di_Baviera
Q1408,it,New Jersey,https://it.wikipedia.org/wiki/New_Jersey
Q1447,it,Puglia,https://it.wikipedia.org/wiki/Puglia
Q15862,it,Queen,https://it.wikipedia.org/wiki/Queen
Q145,it,Regno Unito,https://it.wikipedia.org/wiki/Regno_Unito
Q159,it,Russia,https://it.wikipedia.org/wiki/Russia
Q174,it,San Paolo (Brasile),https://it.wikipedia.org/wiki/San_Paolo_(Brasile)
Q1462,it,Sardegna,https://it.wikipedia.org/wiki/Sardegna
Q1460,it,Sicilia,https://it.wikipedia.org/wiki/Sicilia
Q1490,it,Tokyo,https://it.wikipedia.org/wiki/Tokyo
Q156406,it,Università di Stato di Feira de Santana,https://it.wikipedia.org/wiki/Universit%C3%A0_di_Stato_di_Feira_de_Santana
Q159102,it,Università federale di Bahia,https://it.wikipedia.org/wiki/Universit%C3%A0_federale_di_Bahia
Q159610,it,Valona,https://it.wikipedia.org/wiki/Valona
Q2035,it,1901,https://it.wikipedia.org/wiki/1901
Q2057,it,1909,https://it.wikipedia.org/wiki/1909
Q2155,it,1920,https://it.wikipedia.org/wiki/1920
Q2162,it,1921,https://it.wikipedia.org/wiki/1921
Q19715,it,1928,https://it.wikipedia.org/wiki/1928
Q2070,it,1996,https://it.wikipedia.org/wiki/1996
Q2091,it,1999,https://it.wikipedia.org/wiki/1999
Q1988,it,2001,https://it.wikipedia.org/wiki/2001
Q1987,it,2002,https://it.wikipedia.org/wiki/2002
Q1986,it,2003,https://it.wikipedia.org/wiki/2003
Q2014,it,2004,https://it.wikipedia.org/wiki/2004
Q2019,it,2005,https://it.wikipedia.org/wiki/2005
Q2021,it,2006,https://it.wikipedia.org/wiki/2006
Q2024,it,2007,https://it.wikipedia.org/wiki/2007
Q2004,it,2008,https://it.wikipedia.org/wiki/2008
Q1996,it,2009,https://it.wikipedia.org/wiki/2009
Q1995,it,2010,https://it.wikipedia.org/wiki/2010
Q18400,it,Alatri,https://it.wikipedia.org/wiki/Alatri
Q1845,it,Bibbia,https://it.wikipedia.org/wiki/Bibbia
Q184,it,Bielorussia,https://it.wikipedia.org/wiki/Bielorussia
Q1891,it,Bologna,https://it.wikipedia.org/wiki/Bologna
Q1903,it,Catania,https://it.wikipedia.org/wiki/Catania
Q1880,it,Concepción (Cile),https://it.wikipedia.org/wiki/Concepci%C3%B3n_(Cile)
Q188500,it,Elisha Cuthbert,https://it.wikipedia.org/wiki/Elisha_Cuthbert
Q191,it,Estonia,https://it.wikipedia.org/wiki/Estonia
Q190897,it,Fier,https://it.wikipedia.org/wiki/Fier
Q2044,it,Firenze,https://it.wikipedia.org/wiki/Firenze
Q1794,it,Francoforte sul Meno,https://it.wikipedia.org/wiki/Francoforte_sul_Meno
Q183,it,Germania,https://it.wikipedia.org/wiki/Germania
Q17,it,Giappone,https://it.wikipedia.org/wiki/Giappone
Q21198,it,Informatica,https://it.wikipedia.org/wiki/Informatica
Q189,it,Islanda,https://it.wikipedia.org/wiki/Islanda
Q1959,it,Końskowola,https://it.wikipedia.org/wiki/Ko%C5%84skowola
Q210197,it,Kukës,https://it.wikipedia.org/wiki/Kuk%C3%ABs
Q1860,it,Lingua inglese,https://it.wikipedia.org/wiki/Lingua_inglese
Q188,it,Lingua tedesca,https://it.wikipedia.org/wiki/Lingua_tedesca
Q19814,it,Lingue romanze,https://it.wikipedia.org/wiki/Lingue_romanze
Q19697,it,Motörhead,https://it.wikipedia.org/wiki/Mot%C3%B6rhead
Q217096,it,Naruhito,https://it.wikipedia.org/wiki/Naruhito
Q20,it,Norvegia,https://it.wikipedia.org/wiki/Norvegia
Q176,it,Québec (provincia),https://it.wikipedia.org/wiki/Qu%C3%A9bec_(provincia)
Q19581,it,Rafael Correa,https://it.wikipedia.org/wiki/Rafael_Correa
Q213,it,Repubblica Ceca,https://it.wikipedia.org/wiki/Repubblica_Ceca
Q18013,it,Sacramento (California),https://it.wikipedia.org/wiki/Sacramento_(California)
Q193,it,Saturno (astronomia),https://it.wikipedia.org/wiki/Saturno_(astronomia)
Q215,it,Slovenia,https://it.wikipedia.org/wiki/Slovenia
Q212,it,Ucraina,https://it.wikipedia.org/wiki/Ucraina
Q1859,it,Vera Chiesa di Gesù,https://it.wikipedia.org/wiki/Vera_Chiesa_di_Ges%C3%B9
Q1877,it,Đồng Hới,https://it.wikipedia.org/wiki/%C4%90%E1%BB%93ng_H%E1%BB%9Bi
Q196163,it,Łobez,https://it.wikipedia.org/wiki/%C5%81obez
Q2479,it,1975,https://it.wikipedia.org/wiki/1975
Q2437,it,1981,https://it.wikipedia.org/wiki/1981
Q2436,it,1982,https://it.wikipedia.org/wiki/1982
Q2432,it,1984,https://it.wikipedia.org/wiki/1984
Q2431,it,1985,https://it.wikipedia.org/wiki/1985
Q2425,it,1989,https://it.wikipedia.org/wiki/1989
Q283,it,Acqua,https://it.wikipedia.org/wiki/Acqua
Q222,it,Albania,https://it.wikipedia.org/wiki/Albania
Q228,it,Andorra,https://it.wikipedia.org/wiki/Andorra
Q227,it,Azerbaigian,https://it.wikipedia.org/wiki/Azerbaigian
Q2386011,it,Bochotnica,https://it.wikipedia.org/wiki/Bochotnica
Q2841,it,Bogotà,https://it.wikipedia.org/wiki/Bogot%C3%A0
Q225,it,Bosnia ed Erzegovina,https://it.wikipedia.org/wiki/Bosnia_ed_Erzegovina
Q2844,it,Brasilia,https://it.wikipedia.org/wiki/Brasilia
Q219,it,Bulgaria,https://it.wikipedia.org/wiki/Bulgaria
Q2736,it,Calcio (sport),https://it.wikipedia.org/wiki/Calcio_(sport)
Q298,it,Cile,https://it.wikipedia.org/wiki/Cile
Q237,it,Città del Vaticano,https://it.wikipedia.org/wiki/Citt%C3%A0_del_Vaticano
Q224,it,Croazia,https://it.wikipedia.org/wiki/Croazia
Q22686,it,Donald Trump,https://it.wikipedia.org/wiki/Donald_Trump
Q230,it,Georgia,https://it.wikipedia.org/wiki/Georgia
Q302,it,Gesù,https://it.wikipedia.org/wiki/Ges%C3%B9
Q21,it,Inghilterra,https://it.wikipedia.org/wiki/Inghilterra
Q2316,it,Kurów,https://it.wikipedia.org/wiki/Kur%C3%B3w
Q233,it,Malta,https://it.wikipedia.org/wiki/Malta
Q308,it,Mercurio (astronomia),https://it.wikipedia.org/wiki/Mercurio_(astronomia)
Q2831,it,Michael Jackson,https://it.wikipedia.org/wiki/Michael_Jackson
Q236,it,Montenegro,https://it.wikipedia.org/wiki/Montenegro
Q29364,it,Montgomery (Alabama),https://it.wikipedia.org/wiki/Montgomery_(Alabama)
Q26426,it,Montpelier (Vermont),https://it.wikipedia.org/wiki/Montpelier_(Vermont)
Q2634,it,Napoli,https://it.wikipedia.org/wiki/Napoli
Q23441,it,Octave Mirbeau,https://it.wikipedia.org/wiki/Octave_Mirbeau
Q23393,it,Padre nostro,https://it.wikipedia.org/wiki/Padre_nostro
Q2656,it,Palermo,https://it.wikipedia.org/wiki/Palermo
Q220,it,Roma,https://it.wikipedia.org/wiki/Roma
Q218,it,Romania,https://it.wikipedia.org/wiki/Romania
Q238,it,San Marino,https://it.wikipedia.org/wiki/San_Marino
Q2887,it,Santiago del Cile,https://it.wikipedia.org/wiki/Santiago_del_Cile
Q2751,it,Siena,https://it.wikipedia.org/wiki/Siena
Q29,it,Spagna,https://it.wikipedia.org/wiki/Spagna
Q30,it,Stati Uniti d'America,https://it.wikipedia.org/wiki/Stati_Uniti_d%27America
Q309,it,Storia,https://it.wikipedia.org/wiki/Storia
Q2,it,Terra,https://it.wikipedia.org/wiki/Terra
Q223495,it,The Carpenters,https://it.wikipedia.org/wiki/The_Carpenters
Q28,it,Ungheria,https://it.wikipedia.org/wiki/Ungheria
Q26319,it,"Università degli Studi ""Niccolò Cusano""",https://it.wikipedia.org/wiki/Universit%C3%A0_degli_Studi_%22Niccol%C3%B2_Cusano%22
Q2495760,it,Università statale del Minas Gerais,https://it.wikipedia.org/wiki/Universit%C3%A0_statale_del_Minas_Gerais
Q270,it,Varsavia,https://it.wikipedia.org/wiki/Varsavia
Q352,it,Adolf Hitler,https://it.wikipedia.org/wiki/Adolf_Hitler
Q399,it,Armenia,https://it.wikipedia.org/wiki/Armenia
Q3863,it,Asteroide,https://it.wikipedia.org/wiki/Asteroide
Q333,it,Astronomia,https://it.wikipedia.org/wiki/Astronomia
Q408,it,Australia,https://it.wikipedia.org/wiki/Australia
Q40,it,Austria,https://it.wikipedia.org/wiki/Austria
Q3519,it,Bari,https://it.wikipedia.org/wiki/Bari
Q383541,it,Basshunter,https://it.wikipedia.org/wiki/Basshunter
Q31,it,Belgio,https://it.wikipedia.org/wiki/Belgio
Q35135,it,Catalão,https://it.wikipedia.org/wiki/Catal%C3%A3o
Q35,it,Danimarca,https://it.wikipedia.org/wiki/Danimarca
Q33,it,Finlandia,https://it.wikipedia.org/wiki/Finlandia
Q38,it,Italia,https://it.wikipedia.org/wiki/Italia
Q34600,it,Kyoto,https://it.wikipedia.org/wiki/Kyoto
Q347,it,Liechtenstein,https://it.wikipedia.org/wiki/Liechtenstein
Q33000,it,Lingua dei segni britannica,https://it.wikipedia.org/wiki/Lingua_dei_segni_britannica
Q33302,it,Lingua dei segni francese,https://it.wikipedia.org/wiki/Lingua_dei_segni_francese
Q375619,it,Lingua dei segni italiana,https://it.wikipedia.org/wiki/Lingua_dei_segni_italiana
Q36239,it,Lingua dei segni neozelandese,https://it.wikipedia.org/wiki/Lingua_dei_segni_neozelandese
Q33282,it,Lingua dei segni tedesca,https://it.wikipedia.org/wiki/Lingua_dei_segni_tedesca
Q397,it,Lingua latina,https://it.wikipedia.org/wiki/Lingua_latina
Q33976,it,Lingua sarda,https://it.wikipedia.org/wiki/Lingua_sarda
Q37,it,Lituania,https://it.wikipedia.org/wiki/Lituania
Q405,it,Luna,https://it.wikipedia.org/wiki/Luna
Q32,it,Lussemburgo,https://it.wikipedia.org/wiki/Lussemburgo
Q3847714,it,Marianna Madia,https://it.wikipedia.org/wiki/Marianna_Madia
Q332,it,Nettuno (astronomia),https://it.wikipedia.org/wiki/Nettuno_(astronomia)
Q33959,it,Nizza,https://it.wikipedia.org/wiki/Nizza
Q35109,it,Noemi (cantante),https://it.wikipedia.org/wiki/Noemi_(cantante)
Q34863,it,Oklahoma City,https://it.wikipedia.org/wiki/Oklahoma_City
Q4035,it,Osasco (Brasile),https://it.wikipedia.org/wiki/Osasco_(Brasile)
Q36,it,Polonia,https://it.wikipedia.org/wiki/Polonia
Q361,it,Prima guerra mondiale,https://it.wikipedia.org/wiki/Prima_guerra_mondiale
Q34001,it,Roubaix,https://it.wikipedia.org/wiki/Roubaix
Q30974,it,Rouen,https://it.wikipedia.org/wiki/Rouen
Q362,it,Seconda guerra mondiale,https://it.wikipedia.org/wiki/Seconda_guerra_mondiale
Q403,it,Serbia,https://it.wikipedia.org/wiki/Serbia
Q36198,it,Siligo,https://it.wikipedia.org/wiki/Siligo
Q34,it,Svezia,https://it.wikipedia.org/wiki/Svezia
Q39,it,Svizzera,https://it.wikipedia.org/wiki/Svizzera
Q33986,it,Valparaíso,https://it.wikipedia.org/wiki/Valpara%C3%ADso
Q313,it,Venere (astronomia),https://it.wikipedia.org/wiki/Venere_(astronomia)
Q3594268,it,Šiprage,https://it.wikipedia.org/wiki/%C5%A0iprage
Q5165,it,1948,https://it.wikipedia.org/wiki/1948
Q5253,it,1958,https://it.wikipedia.org/wiki/1958
Q5202,it,Almazán,https://it.wikipedia.org/wiki/Almaz%C3%A1n
Q51,it,Antartide,https://it.wikipedia.org/wiki/Antartide
Q414,it,Argentina,https://it.wikipedia.org/wiki/Argentina
Q48,it,Asia,https://it.wikipedia.org/wiki/Asia
Q4604,it,Confucio,https://it.wikipedia.org/wiki/Confucio
Q4617,it,Corbin Bleu,https://it.wikipedia.org/wiki/Corbin_Bleu
Q4361,it,Curitiba,https://it.wikipedia.org/wiki/Curitiba
Q5105,it,Céline Dion,https://it.wikipedia.org/wiki/C%C3%A9line_Dion
Q43387,it,Edirne,https://it.wikipedia.org/wiki/Edirne
Q5292,it,Enciclopedia,https://it.wikipedia.org/wiki/Enciclopedia
Q46,it,Europa,https://it.wikipedia.org/wiki/Europa
Q413,it,Fisica,https://it.wikipedia.org/wiki/Fisica
Q469925,it,Ghil'ad Zuckermann,https://it.wikipedia.org/wiki/Ghil%27ad_Zuckermann
Q41,it,Grecia,https://it.wikipedia.org/wiki/Grecia
Q4414537,it,Guillermo Lasso,https://it.wikipedia.org/wiki/Guillermo_Lasso
Q5208,it,Huang Xianfan,https://it.wikipedia.org/wiki/Huang_Xianfan
Q432,it,Islam,https://it.wikipedia.org/wiki/Islam
Q4842556,it,Istituto federale di Bahia,https://it.wikipedia.org/wiki/Istituto_federale_di_Bahia
Q5146,it,Lingua portoghese,https://it.wikipedia.org/wiki/Lingua_portoghese
Q4918,it,Mar Mediterraneo,https://it.wikipedia.org/wiki/Mar_Mediterraneo
Q4616,it,Marilyn Monroe,https://it.wikipedia.org/wiki/Marilyn_Monroe
Q490,it,Milano,https://it.wikipedia.org/wiki/Milano
Q517,it,Napoleone Bonaparte,https://it.wikipedia.org/wiki/Napoleone_Bonaparte
Q507595,it,Nichi Vendola,https://it.wikipedia.org/wiki/Nichi_Vendola
Q55643,it,Oceania,https://it.wikipedia.org/wiki/Oceania
Q55,it,Paesi Bassi,https://it.wikipedia.org/wiki/Paesi_Bassi
Q450675,it,Papa Francesco,https://it.wikipedia.org/wiki/Papa_Francesco
Q473466,it,Paramore,https://it.wikipedia.org/wiki/Paramore
Q45,it,Portogallo,https://it.wikipedia.org/wiki/Portogallo
Q544,it,Sistema solare,https://it.wikipedia.org/wiki/Sistema_solare
Q525,it,Sole,https://it.wikipedia.org/wiki/Sole
Q4688112,it,Sung Jae-gi,https://it.wikipedia.org/wiki/Sung_Jae-gi
Q495,it,Torino,https://it.wikipedia.org/wiki/Torino
Q43,it,Turchia,https://it.wikipedia.org/wiki/Turchia
Q5582,it,Vincent van Gogh,https://it.wikipedia.org/wiki/Vincent_van_Gogh
Q52,it,Wikipedia,https://it.wikipedia.org/wiki/Wikipedia
Q577,it,Anno,https://it.wikipedia.org/wiki/Anno
Q628,it,Bergamo,https://it.wikipedia.org/wiki/Bergamo
Q6221,it,Brescia,https://it.wikipedia.org/wiki/Brescia
Q6105,it,Hebe Camargo,https://it.wikipedia.org/wiki/Hebe_Camargo
Q561147,it,Joan Fuster,https://it.wikipedia.org/wiki/Joan_Fuster
Q6279,it,Joe Biden,https://it.wikipedia.org/wiki/Joe_Biden
Q6247,it,Mantova,https://it.wikipedia.org/wiki/Mantova
Q60,it,New York,https://it.wikipedia.org/wiki/New_York
Q634,it,Pianeta,https://it.wikipedia.org/wiki/Pianeta
Q6285,it,Varese,https://it.wikipedia.org/wiki/Varese
Q7640,it,1846,https://it.wikipedia.org/wiki/1846
Q8409,it,Alessandro Magno,https://it.wikipedia.org/wiki/Alessandro_Magno
Q727,it,Amsterdam,https://it.wikipedia.org/wiki/Amsterdam
Q78516,it,Anna Jur'evna Netrebko,https://it.wikipedia.org/wiki/Anna_Jur%27evna_Netrebko
Q76,it,Barack Obama,https://it.wikipedia.org/wiki/Barack_Obama
Q64,it,Berlino,https://it.wikipedia.org/wiki/Berlino
Q756916,it,Centro Federale di Educazione Tecnologica Celso Suckow di Fonseca,https://it.wikipedia.org/wiki/Centro_Federale_di_Educazione_Tecnologica_Celso_Suckow_di_Fonseca
Q739,it,Colombia,https://it.wikipedia.org/wiki/Colombia
Q83285,it,Durazzo,https://it.wikipedia.org/wiki/Durazzo
Q764,it,Fungi,https://it.wikipedia.org/wiki/Fungi
Q8676,it,Guerra civile americana,https://it.wikipedia.org/wiki/Guerra_civile_americana
Q668,it,India,https://it.wikipedia.org/wiki/India
Q855,it,Iosif Stalin,https://it.wikipedia.org/wiki/Iosif_Stalin
Q794,it,Iran,https://it.wikipedia.org/wiki/Iran
Q762,it,Leonardo da Vinci,https://it.wikipedia.org/wiki/Leonardo_da_Vinci
Q7026,it,Lingua catalana,https://it.wikipedia.org/wiki/Lingua_catalana
Q652,it,Lingua italiana,https://it.wikipedia.org/wiki/Lingua_italiana
Q809,it,Lingua polacca,https://it.wikipedia.org/wiki/Lingua_polacca
Q7737,it,Lingua russa,https://it.wikipedia.org/wiki/Lingua_russa
Q84,it,Londra,https://it.wikipedia.org/wiki/Londra
Q65,it,Los Angeles,https://it.wikipedia.org/wiki/Los_Angeles
Q649,it,Mosca (Russia),https://it.wikipedia.org/wiki/Mosca_(Russia)
Q8023,it,Nelson Mandela,https://it.wikipedia.org/wiki/Nelson_Mandela
Q664,it,Nuova Zelanda,https://it.wikipedia.org/wiki/Nuova_Zelanda
Q8678,it,Rio de Janeiro,https://it.wikipedia.org/wiki/Rio_de_Janeiro
Q83338,it,Robin Williams,https://it.wikipedia.org/wiki/Robin_Williams
Q787,it,Sus scrofa domesticus,https://it.wikipedia.org/wiki/Sus_scrofa_domesticus
Q7944,it,Terremoto,https://it.wikipedia.org/wiki/Terremoto
Q641,it,Venezia,https://it.wikipedia.org/wiki/Venezia
Q717,it,Venezuela,https://it.wikipedia.org/wiki/Venezuela
Q849751,it,York University,https://it.wikipedia.org/wiki/York_University
Q9121,it,Atomo,https://it.wikipedia.org/wiki/Atomo
Q9022,it,Guadalajara (Messico),https://it.wikipedia.org/wiki/Guadalajara_(Messico)
Q96,it,Messico,https://it.wikipedia.org/wiki/Messico
Q97,it,Oceano Atlantico,https://it.wikipedia.org/wiki/Oceano_Atlantico
Q90,it,Parigi,https://it.wikipedia.org/wiki/Parigi
Q9960,it,Ronald Reagan,https://it.wikipedia.org/wiki/Ronald_Reagan
Q881,it,Vietnam,https://it.wikipedia.org/wiki/Vietnam
Q1284,co,Abbruzzu,https://co.wikipedia.org/wiki/Abbruzzu
Q122,co,Aostu,https://co.wikipedia.org/wiki/Aostu
Q118,co,Aprile,https://co.wikipedia.org/wiki/Aprile
Q1199,co,Assia,https://co.wikipedia.org/wiki/Assia
Q13496,co,Brindisi,https://co.wikipedia.org/wiki/Brindisi
Q13680,co,Caltanissetta,https://co.wikipedia.org/wiki/Caltanissetta
Q1297,co,Chicago,https://co.wikipedia.org/wiki/Chicago
Q1072,co,Core,https://co.wikipedia.org/wiki/Core
Q116341,co,Coriza,https://co.wikipedia.org/wiki/Coriza
Q1067,co,Dante Alighieri,https://co.wikipedia.org/wiki/Dante_Alighieri
Q126,co,Dicembre,https://co.wikipedia.org/wiki/Dicembre
Q114257,co,Elbasan,https://co.wikipedia.org/wiki/Elbasan
Q1263,co,Emilia è Romagna,https://co.wikipedia.org/wiki/Emilia_%C3%A8_Romagna
Q109,co,Ferraghju,https://co.wikipedia.org/wiki/Ferraghju
Q1250,co,Friuli è Venezia Ghjulia,https://co.wikipedia.org/wiki/Friuli_%C3%A8_Venezia_Ghjulia
Q108,co,Ghjennaghju,https://co.wikipedia.org/wiki/Ghjennaghju
Q120,co,Ghjugnu,https://co.wikipedia.org/wiki/Ghjugnu
Q1282,co,Laziu,https://co.wikipedia.org/wiki/Laziu
Q1256,co,Liguria,https://co.wikipedia.org/wiki/Liguria
Q1321,co,Lingua spagnola,https://co.wikipedia.org/wiki/Lingua_spagnola
Q13373,co,Lucca,https://co.wikipedia.org/wiki/Lucca
Q121,co,Lugliu,https://co.wikipedia.org/wiki/Lugliu
Q1210,co,Lumbardia,https://co.wikipedia.org/wiki/Lumbardia
Q105,co,Luni,https://co.wikipedia.org/wiki/Luni
Q119,co,Maghju,https://co.wikipedia.org/wiki/Maghju
Q1279,co,Marche,https://co.wikipedia.org/wiki/Marche
Q111,co,Marte,https://co.wikipedia.org/wiki/Marte
Q127,co,Marti,https://co.wikipedia.org/wiki/Marti
Q110,co,Marzu,https://co.wikipedia.org/wiki/Marzu
Q13666,co,Messina,https://co.wikipedia.org/wiki/Messina
Q1065,co,Nazioni Uniti,https://co.wikipedia.org/wiki/Nazioni_Uniti
Q125,co,Nuvembre,https://co.wikipedia.org/wiki/Nuvembre
Q1216,co,Piemonte,https://co.wikipedia.org/wiki/Piemonte
Q13375,co,Pisa,https://co.wikipedia.org/wiki/Pisa
Q1085,co,Praga,https://co.wikipedia.org/wiki/Praga
Q13629,co,Sassari,https://co.wikipedia.org/wiki/Sassari
Q123,co,Settembre,https://co.wikipedia.org/wiki/Settembre
Q11860,co,Silvio Berlusconi,https://co.wikipedia.org/wiki/Silvio_Berlusconi
Q1299,co,The Beatles,https://co.wikipedia.org/wiki/The_Beatles
Q1273,co,Toscana,https://co.wikipedia.org/wiki/Toscana
Q1404,co,Uetersen,https://co.wikipedia.org/wiki/Uetersen
Q1280,co,Umbria,https://co.wikipedia.org/wiki/Umbria
Q132140,co,Universidade Federal de Minas Gerais,https://co.wikipedia.org/wiki/Universidade_Federal_de_Minas_Gerais
Q124,co,Uttobre,https://co.wikipedia.org/wiki/Uttobre
Q1243,co,Venetu,https://co.wikipedia.org/wiki/Venetu
Q15,co,Africa,https://co.wikipedia.org/wiki/Africa
Q173,co,Alabama,https://co.wikipedia.org/wiki/Alabama
Q173690,co,Argirucastru,https://co.wikipedia.org/wiki/Argirucastru
Q1492,co,Barcellona,https://co.wikipedia.org/wiki/Barcellona
Q1452,co,Basilicata,https://co.wikipedia.org/wiki/Basilicata
Q170244,co,Berat,https://co.wikipedia.org/wiki/Berat
Q1479,co,Bordeaux,https://co.wikipedia.org/wiki/Bordeaux
Q155,co,Brasile,https://co.wikipedia.org/wiki/Brasile
Q1486,co,Buenos Aires,https://co.wikipedia.org/wiki/Buenos_Aires
Q1458,co,Calabria,https://co.wikipedia.org/wiki/Calabria
Q1438,co,Campania,https://co.wikipedia.org/wiki/Campania
Q16,co,Canadà,https://co.wikipedia.org/wiki/Canad%C3%A0
Q159106,co,Centru Federale di Educazione Tecnulogica di Minas Gerais,https://co.wikipedia.org/wiki/Centru_Federale_di_Educazione_Tecnulogica_di_Minas_Gerais
Q148,co,China,https://co.wikipedia.org/wiki/China
Q1489,co,Cità di u Messicu,https://co.wikipedia.org/wiki/Cit%C3%A0_di_u_Messicu
Q1748,co,Copenaghen,https://co.wikipedia.org/wiki/Copenaghen
Q142,co,Francia,https://co.wikipedia.org/wiki/Francia
Q157,co,François Hollande,https://co.wikipedia.org/wiki/Fran%C3%A7ois_Hollande
Q1449,co,Gènuva,https://co.wikipedia.org/wiki/G%C3%A8nuva
Q14759,co,Lingua di i cenni americana,https://co.wikipedia.org/wiki/Lingua_di_i_cenni_americana
Q150,co,Lingua francese,https://co.wikipedia.org/wiki/Lingua_francese
Q15085,co,Lingua piemontese,https://co.wikipedia.org/wiki/Lingua_piemontese
Q165,co,Mare,https://co.wikipedia.org/wiki/Mare
Q15143059,co,Maria Elena Boschi,https://co.wikipedia.org/wiki/Maria_Elena_Boschi
Q1494,co,Mississippi (statu),https://co.wikipedia.org/wiki/Mississippi_(statu)
Q1443,co,Molise,https://co.wikipedia.org/wiki/Molise
Q1726,co,Monacu di Baviera,https://co.wikipedia.org/wiki/Monacu_di_Baviera
Q1408,co,New Jersey,https://co.wikipedia.org/wiki/New_Jersey
Q1447,co,Puglia,https://co.wikipedia.org/wiki/Puglia
Q15862,co,Queen (gruppu musicale),https://co.wikipedia.org/wiki/Queen_(gruppu_musicale)
Q145,co,Regnu Unitu,https://co.wikipedia.org/wiki/Regnu_Unitu
Q159,co,Russia,https://co.wikipedia.org/wiki/Russia
Q1462,co,Sardegna,https://co.wikipedia.org/wiki/Sardegna
Q1460,co,Sicilia,https://co.wikipedia.org/wiki/Sicilia
Q174,co,São Paulo,https://co.wikipedia.org/wiki/S%C3%A3o_Paulo
Q1490,co,Tokiu,https://co.wikipedia.org/wiki/Tokiu
Q156406,co,Universidade Estadual de Feira de Santana,https://co.wikipedia.org/wiki/Universidade_Estadual_de_Feira_de_Santana
Q159102,co,Universidade Federal da Bahia,https://co.wikipedia.org/wiki/Universidade_Federal_da_Bahia
Q159610,co,Valona,https://co.wikipedia.org/wiki/Valona
Q2035,co,1901,https://co.wikipedia.org/wiki/1901
Q2057,co,1909,https://co.wikipedia.org/wiki/1909
Q2155,co,1920,https://co.wikipedia.org/wiki/1920
Q2162,co,1921,https://co.wikipedia.org/wiki/1921
Q19715,co,1928,https://co.wikipedia.org/wiki/1928
Q2070,co,1996,https://co.wikipedia.org/wiki/1996
Q2091,co,1999,https://co.wikipedia.org/wiki/1999
Q1988,co,2001,https://co.wikipedia.org/wiki/2001
Q1987,co,2002,https://co.wikipedia.org/wiki/2002
Q1986,co,2003,https://co.wikipedia.org/wiki/2003
Q2014,co,2004,https://co.wikipedia.org/wiki/2004
Q2019,co,2005,https://co.wikipedia.org/wiki/2005
Q2021,co,2006,https://co.wikipedia.org/wiki/2006
Q2024,co,2007,https://co.wikipedia.org/wiki/2007
Q2004,co,2008,https://co.wikipedia.org/wiki/2008
Q1996,co,2009,https://co.wikipedia.org/wiki/2009
Q1995,co,2010,https://co.wikipedia.org/wiki/2010
Q18400,co,Alatri,https://co.wikipedia.org/wiki/Alatri
Q1845,co,Bibbia,https://co.wikipedia.org/wiki/Bibbia
Q184,co,Bielorussia,https://co.wikipedia.org/wiki/Bielorussia
Q1891,co,Bulogna,https://co.wikipedia.org/wiki/Bulogna
Q1903,co,Catania,https://co.wikipedia.org/wiki/Catania
Q213,co,Cecchìa,https://co.wikipedia.org/wiki/Cecch%C3%ACa
Q1880,co,Concepción,https://co.wikipedia.org/wiki/Concepci%C3%B3n
Q188500,co,Elisha Cuthbert,https://co.wikipedia.org/wiki/Elisha_Cuthbert
Q191,co,Estonia,https://co.wikipedia.org/wiki/Estonia
Q190897,co,Fier,https://co.wikipedia.org/wiki/Fier
Q2044,co,Fiurenza,https://co.wikipedia.org/wiki/Fiurenza
Q1794,co,Francuforte nant'à u Menu,https://co.wikipedia.org/wiki/Francuforte_nant%27%C3%A0_u_Menu
Q183,co,Germania,https://co.wikipedia.org/wiki/Germania
Q17,co,Giappone,https://co.wikipedia.org/wiki/Giappone
Q21198,co,Informatica,https://co.wikipedia.org/wiki/Informatica
Q189,co,Islanda,https://co.wikipedia.org/wiki/Islanda
Q1959,co,Końskowola,https://co.wikipedia.org/wiki/Ko%C5%84skowola
Q210197,co,Kukës,https://co.wikipedia.org/wiki/Kuk%C3%ABs
Q1860,co,Lingua inglese,https://co.wikipedia.org/wiki/Lingua_inglese
Q188,co,Lingua tedesca,https://co.wikipedia.org/wiki/Lingua_tedesca
Q19814,co,Lingue rumaniche,https://co.wikipedia.org/wiki/Lingue_rumaniche
Q19697,co,Motörhead,https://co.wikipedia.org/wiki/Mot%C3%B6rhead
Q217096,co,Naruhito,https://co.wikipedia.org/wiki/Naruhito
Q20,co,Nurvegia,https://co.wikipedia.org/wiki/Nurvegia
Q176,co,Quebec,https://co.wikipedia.org/wiki/Quebec
Q19581,co,Rafael Correa,https://co.wikipedia.org/wiki/Rafael_Correa
Q18013,co,Sacramento (California),https://co.wikipedia.org/wiki/Sacramento_(California)
Q193,co,Saturnu,https://co.wikipedia.org/wiki/Saturnu
Q215,co,Sluvenia,https://co.wikipedia.org/wiki/Sluvenia
Q212,co,Ucraina,https://co.wikipedia.org/wiki/Ucraina
Q1859,co,Vera Chjesa di Ghjesù,https://co.wikipedia.org/wiki/Vera_Chjesa_di_Ghjes%C3%B9
Q1877,co,Đồng Hới,https://co.wikipedia.org/wiki/%C4%90%E1%BB%93ng_H%E1%BB%9Bi
Q196163,co,Łobez,https://co.wikipedia.org/wiki/%C5%81obez
Q2479,co,1975,https://co.wikipedia.org/wiki/1975
Q2437,co,1981,https://co.wikipedia.org/wiki/1981
Q2436,co,1982,https://co.wikipedia.org/wiki/1982
Q2432,co,1984,https://co.wikipedia.org/wiki/1984
Q2431,co,1985,https://co.wikipedia.org/wiki/1985
Q2425,co,1989,https://co.wikipedia.org/wiki/1989
Q283,co,Acqua,https://co.wikipedia.org/wiki/Acqua
Q222,co,Albania,https://co.wikipedia.org/wiki/Albania
Q228,co,Andorra,https://co.wikipedia.org/wiki/Andorra
Q227,co,Azerbaighjan,https://co.wikipedia.org/wiki/Azerbaighjan
Q2386011,co,Bochotnica,https://co.wikipedia.org/wiki/Bochotnica
Q2841,co,Bogotà,https://co.wikipedia.org/wiki/Bogot%C3%A0
Q225,co,Bosnia è Erzegovina,https://co.wikipedia.org/wiki/Bosnia_%C3%A8_Erzegovina
Q2844,co,Brasilia,https://co.wikipedia.org/wiki/Brasilia
Q219,co,Bulgaria,https://co.wikipedia.org/wiki/Bulgaria
Q298,co,Cile,https://co.wikipedia.org/wiki/Cile
Q237,co,Cità di u Vaticanu,https://co.wikipedia.org/wiki/Cit%C3%A0_di_u_Vaticanu
Q224,co,Croazia,https://co.wikipedia.org/wiki/Croazia
Q22686,co,Donald Trump,https://co.wikipedia.org/wiki/Donald_Trump
Q230,co,Georgia,https://co.wikipedia.org/wiki/Georgia
Q302,co,Gesù Cristu,https://co.wikipedia.org/wiki/Ges%C3%B9_Cristu
Q21,co,Inghilterra,https://co.wikipedia.org/wiki/Inghilterra
Q2316,co,Kurów,https://co.wikipedia.org/wiki/Kur%C3%B3w
Q233,co,Malta,https://co.wikipedia.org/wiki/Malta
Q308,co,Mercuriu (pianeta),https://co.wikipedia.org/wiki/Mercuriu_(pianeta)
Q2831,co,Michael Jackson,https://co.wikipedia.org/wiki/Michael_Jackson
Q236,co,Montenegru,https://co.wikipedia.org/wiki/Montenegru
Q29364,co,Montgomery (Alabama),https://co.wikipedia.org/wiki/Montgomery_(Alabama)
Q26426,co,Montpelier (Vermont),https://co.wikipedia.org/wiki/Montpelier_(Vermont)
Q2634,co,Napuli,https://co.wikipedia.org/wiki/Napuli
Q23441,co,Octave Mirbeau,https://co.wikipedia.org/wiki/Octave_Mirbeau
Q2656,co,Palermu,https://co.wikipedia.org/wiki/Palermu
Q2736,co,Pallò,https://co.wikipedia.org/wiki/Pall%C3%B2
Q23393,co,Patre nostru,https://co.wikipedia.org/wiki/Patre_nostru
Q220,co,Roma,https://co.wikipedia.org/wiki/Roma
Q218,co,Rumenia,https://co.wikipedia.org/wiki/Rumenia
Q238,co,San Marinu,https://co.wikipedia.org/wiki/San_Marinu
Q2887,co,Santiago di u Cile,https://co.wikipedia.org/wiki/Santiago_di_u_Cile
Q2751,co,Siena,https://co.wikipedia.org/wiki/Siena
Q29,co,Spagna,https://co.wikipedia.org/wiki/Spagna
Q30,co,Stati Uniti d'America,https://co.wikipedia.org/wiki/Stati_Uniti_d%27America
Q309,co,Storia,https://co.wikipedia.org/wiki/Storia
Q2,co,Terra (pianeta),https://co.wikipedia.org/wiki/Terra_(pianeta)
Q223495,co,The Carpenters,https://co.wikipedia.org/wiki/The_Carpenters
Q28,co,Ungheria,https://co.wikipedia.org/wiki/Ungheria
Q2495760,co,Universidade do Estado de Minas Gerais,https://co.wikipedia.org/wiki/Universidade_do_Estado_de_Minas_Gerais
Q26319,co,Università Niccolò Cusano,https://co.wikipedia.org/wiki/Universit%C3%A0_Niccol%C3%B2_Cusano
Q270,co,Varsavia,https://co.wikipedia.org/wiki/Varsavia
Q352,co,Adolf Hitler,https://co.wikipedia.org/wiki/Adolf_Hitler
Q399,co,Armenia,https://co.wikipedia.org/wiki/Armenia
Q3863,co,Asteroide,https://co.wikipedia.org/wiki/Asteroide
Q333,co,Astronumia,https://co.wikipedia.org/wiki/Astronumia
Q408,co,Australia,https://co.wikipedia.org/wiki/Australia
Q40,co,Austria,https://co.wikipedia.org/wiki/Austria
Q3519,co,Bari,https://co.wikipedia.org/wiki/Bari
Q383541,co,Basshunter,https://co.wikipedia.org/wiki/Basshunter
Q31,co,Belghju,https://co.wikipedia.org/wiki/Belghju
Q35135,co,Catalão,https://co.wikipedia.org/wiki/Catal%C3%A3o
Q35,co,Danimarca,https://co.wikipedia.org/wiki/Danimarca
Q33,co,Finlandia,https://co.wikipedia.org/wiki/Finlandia
Q38,co,Italia,https://co.wikipedia.org/wiki/Italia
Q34600,co,Kyoto,https://co.wikipedia.org/wiki/Kyoto
Q347,co,Liechtenstein,https://co.wikipedia.org/wiki/Liechtenstein
Q33000,co,Lingua di i cenni brettagnica,https://co.wikipedia.org/wiki/Lingua_di_i_cenni_brettagnica
Q33302,co,Lingua di i cenni francese,https://co.wikipedia.org/wiki/Lingua_di_i_cenni_francese
Q36239,co,Lingua di i cenni neuzilandese,https://co.wikipedia.org/wiki/Lingua_di_i_cenni_neuzilandese
Q375619,co,Lingua di i cenni taliana,https://co.wikipedia.org/wiki/Lingua_di_i_cenni_taliana
Q33282,co,Lingua di i cenni tedesca,https://co.wikipedia.org/wiki/Lingua_di_i_cenni_tedesca
Q397,co,Lingua latina,https://co.wikipedia.org/wiki/Lingua_latina
Q33976,co,Lingua sarda,https://co.wikipedia.org/wiki/Lingua_sarda
Q37,co,Lituania,https://co.wikipedia.org/wiki/Lituania
Q405,co,Luna,https://co.wikipedia.org/wiki/Luna
Q32,co,Lussemburgu,https://co.wikipedia.org/wiki/Lussemburgu
Q3847714,co,Marianna Madia,https://co.wikipedia.org/wiki/Marianna_Madia
Q332,co,Nettunu,https://co.wikipedia.org/wiki/Nettunu
Q33959,co,Nizza,https://co.wikipedia.org/wiki/Nizza
Q35109,co,Noemi,https://co.wikipedia.org/wiki/Noemi
Q34863,co,Oklahoma City,https://co.wikipedia.org/wiki/Oklahoma_City
Q4035,co,Osasco (São Paulo),https://co.wikipedia.org/wiki/Osasco_(S%C3%A3o_Paulo)
Q36,co,Polonia,https://co.wikipedia.org/wiki/Polonia
Q361,co,Prima guerra mundiale,https://co.wikipedia.org/wiki/Prima_guerra_mundiale
Q34001,co,Roubaix,https://co.wikipedia.org/wiki/Roubaix
Q30974,co,Rouen,https://co.wikipedia.org/wiki/Rouen
Q362,co,Seconda Guerra Mundiale,https://co.wikipedia.org/wiki/Seconda_Guerra_Mundiale
Q403,co,Serbia,https://co.wikipedia.org/wiki/Serbia
Q39,co,Sguìzzera,https://co.wikipedia.org/wiki/Sgu%C3%ACzzera
Q36198,co,Siligo,https://co.wikipedia.org/wiki/Siligo
Q34,co,Svezia,https://co.wikipedia.org/wiki/Svezia
Q33986,co,Valparaíso,https://co.wikipedia.org/wiki/Valpara%C3%ADso
Q313,co,Venera,https://co.wikipedia.org/wiki/Venera
Q3594268,co,Šiprage,https://co.wikipedia.org/wiki/%C5%A0iprage
Q5165,co,1948,https://co.wikipedia.org/wiki/1948
Q5253,co,1958,https://co.wikipedia.org/wiki/1958
Q5202,co,Almazán,https://co.wikipedia.org/wiki/Almaz%C3%A1n
Q51,co,Antarticu,https://co.wikipedia.org/wiki/Antarticu
Q414,co,Argentina,https://co.wikipedia.org/wiki/Argentina
Q48,co,Asia,https://co.wikipedia.org/wiki/Asia
Q4604,co,Confuciu,https://co.wikipedia.org/wiki/Confuciu
Q4617,co,Corbin Bleu,https://co.wikipedia.org/wiki/Corbin_Bleu
Q4361,co,Curitiba,https://co.wikipedia.org/wiki/Curitiba
Q5105,co,Céline Dion,https://co.wikipedia.org/wiki/C%C3%A9line_Dion
Q43387,co,Edirne,https://co.wikipedia.org/wiki/Edirne
Q5292,co,Enciclupedìa,https://co.wikipedia.org/wiki/Encicluped%C3%ACa
Q46,co,Europa,https://co.wikipedia.org/wiki/Europa
Q413,co,Fisica,https://co.wikipedia.org/wiki/Fisica
Q469925,co,Ghil'ad Zuckermann,https://co.wikipedia.org/wiki/Ghil%27ad_Zuckermann
Q41,co,Grecia,https://co.wikipedia.org/wiki/Grecia
Q4414537,co,Guillermo Lasso,https://co.wikipedia.org/wiki/Guillermo_Lasso
Q5208,co,Hong Sian Fan,https://co.wikipedia.org/wiki/Hong_Sian_Fan
Q4842556,co,Instituto Federal da Bahia,https://co.wikipedia.org/wiki/Instituto_Federal_da_Bahia
Q432,co,Islamu,https://co.wikipedia.org/wiki/Islamu
Q5146,co,Lingua portughese,https://co.wikipedia.org/wiki/Lingua_portughese
Q4918,co,Mari Tarraniu,https://co.wikipedia.org/wiki/Mari_Tarraniu
Q4616,co,Marilyn Monroe,https://co.wikipedia.org/wiki/Marilyn_Monroe
Q490,co,Milanu,https://co.wikipedia.org/wiki/Milanu
Q517,co,Napulione Buonaparte,https://co.wikipedia.org/wiki/Napulione_Buonaparte
Q507595,co,Nichi Vendola,https://co.wikipedia.org/wiki/Nichi_Vendola
Q55,co,Paesi Bassi,https://co.wikipedia.org/wiki/Paesi_Bassi
Q450675,co,Papa Francescu,https://co.wikipedia.org/wiki/Papa_Francescu
Q473466,co,Paramore,https://co.wikipedia.org/wiki/Paramore
Q45,co,Portugallu,https://co.wikipedia.org/wiki/Portugallu
Q544,co,Sistema solare,https://co.wikipedia.org/wiki/Sistema_solare
Q525,co,Soli,https://co.wikipedia.org/wiki/Soli
Q4688112,co,Sung Jae-gi,https://co.wikipedia.org/wiki/Sung_Jae-gi
Q43,co,Turchia,https://co.wikipedia.org/wiki/Turchia
Q495,co,Turinu,https://co.wikipedia.org/wiki/Turinu
Q55643,co,Uceania,https://co.wikipedia.org/wiki/Uceania
Q5582,co,Vincent van Gogh,https://co.wikipedia.org/wiki/Vincent_van_Gogh
Q52,co,Wikipedia,https://co.wikipedia.org/wiki/Wikipedia
Q577,co,Annu,https://co.wikipedia.org/wiki/Annu
Q628,co,Bergamu,https://co.wikipedia.org/wiki/Bergamu
Q6221,co,Brescia,https://co.wikipedia.org/wiki/Brescia
Q6105,co,Hebe Camargo,https://co.wikipedia.org/wiki/Hebe_Camargo
Q561147,co,Joan Fuster,https://co.wikipedia.org/wiki/Joan_Fuster
Q6279,co,Joe Biden,https://co.wikipedia.org/wiki/Joe_Biden
Q6247,co,Mantova,https://co.wikipedia.org/wiki/Mantova
Q60,co,New York,https://co.wikipedia.org/wiki/New_York
Q634,co,Pianeta,https://co.wikipedia.org/wiki/Pianeta
Q6285,co,Varese,https://co.wikipedia.org/wiki/Varese
Q7640,co,1846,https://co.wikipedia.org/wiki/1846
Q727,co,Amsterdam,https://co.wikipedia.org/wiki/Amsterdam
Q78516,co,Anna Netrebko,https://co.wikipedia.org/wiki/Anna_Netrebko
Q76,co,Barack Obama,https://co.wikipedia.org/wiki/Barack_Obama
Q64,co,Berlinu,https://co.wikipedia.org/wiki/Berlinu
Q756916,co,Centro Federal de Educação Tecnológica Celso Suckow da Fonseca,https://co.wikipedia.org/wiki/Centro_Federal_de_Educa%C3%A7%C3%A3o_Tecnol%C3%B3gica_Celso_Suckow_da_Fonseca
Q739,co,Culumbia,https://co.wikipedia.org/wiki/Culumbia
Q83285,co,Durazzu,https://co.wikipedia.org/wiki/Durazzu
Q764,co,Fungu,https://co.wikipedia.org/wiki/Fungu
Q8676,co,Guerra Civile Americana,https://co.wikipedia.org/wiki/Guerra_Civile_Americana
Q668,co,India,https://co.wikipedia.org/wiki/India
Q855,co,Iosif Stalin,https://co.wikipedia.org/wiki/Iosif_Stalin
Q794,co,Iranu,https://co.wikipedia.org/wiki/Iranu
Q762,co,Leunardu da Vinci,https://co.wikipedia.org/wiki/Leunardu_da_Vinci
Q7026,co,Lingua catalana,https://co.wikipedia.org/wiki/Lingua_catalana
Q809,co,Lingua pulacca,https://co.wikipedia.org/wiki/Lingua_pulacca
Q7737,co,Lingua russa,https://co.wikipedia.org/wiki/Lingua_russa
Q652,co,Lingua taliana,https://co.wikipedia.org/wiki/Lingua_taliana
Q8409,co,Lisandru Magnu,https://co.wikipedia.org/wiki/Lisandru_Magnu
Q84,co,Londra,https://co.wikipedia.org/wiki/Londra
Q65,co,Los Angeles,https://co.wikipedia.org/wiki/Los_Angeles
Q649,co,Mosca (cità),https://co.wikipedia.org/wiki/Mosca_(cit%C3%A0)
Q8023,co,Nelson Mandela,https://co.wikipedia.org/wiki/Nelson_Mandela
Q664,co,Nova Zilanda,https://co.wikipedia.org/wiki/Nova_Zilanda
Q787,co,Porcu,https://co.wikipedia.org/wiki/Porcu
Q8678,co,Rio de Janeiro,https://co.wikipedia.org/wiki/Rio_de_Janeiro
Q83338,co,Robin Williams,https://co.wikipedia.org/wiki/Robin_Williams
Q7944,co,Terramotu,https://co.wikipedia.org/wiki/Terramotu
Q641,co,Venezia,https://co.wikipedia.org/wiki/Venezia
Q717,co,Venezuela,https://co.wikipedia.org/wiki/Venezuela
Q849751,co,York University,https://co.wikipedia.org/wiki/York_University
Q9121,co,Atomu,https://co.wikipedia.org/wiki/Atomu
Q9022,co,Guadalajara,https://co.wikipedia.org/wiki/Guadalajara
Q96,co,Messicu,https://co.wikipedia.org/wiki/Messicu
Q97,co,Oceanu Atlanticu,https://co.wikipedia.org/wiki/Oceanu_Atlanticu
Q90,co,Parighji,https://co.wikipedia.org/wiki/Parighji
Q9960,co,Ronald Reagan,https://co.wikipedia.org/wiki/Ronald_Reagan
Q881,co,Vietnam,https://co.wikipedia.org/wiki/Vietnam
Q1284,eml,Abrózz,https://eml.wikipedia.org/wiki/Abr%C3%B3zz
Q122,eml,Agòst,https://eml.wikipedia.org/wiki/Ag%C3%B2st
Q118,eml,Avrîl,https://eml.wikipedia.org/wiki/Avr%C3%AEl
Q1299,eml,Beatles,https://eml.wikipedia.org/wiki/Beatles
Q13496,eml,Brìndaś,https://eml.wikipedia.org/wiki/Br%C3%ACnda%C5%9B
Q13680,eml,Caltaniséta,https://eml.wikipedia.org/wiki/Caltanis%C3%A9ta
Q1297,eml,Chicago,https://eml.wikipedia.org/wiki/Chicago
Q1072,eml,Côr,https://eml.wikipedia.org/wiki/C%C3%B4r
Q1067,eml,Dante Alighieri,https://eml.wikipedia.org/wiki/Dante_Alighieri
Q126,eml,Dicèmber,https://eml.wikipedia.org/wiki/Dic%C3%A8mber
Q114257,eml,Elbasan,https://eml.wikipedia.org/wiki/Elbasan
Q1263,eml,Emégglia-Rumâgna,https://eml.wikipedia.org/wiki/Em%C3%A9gglia-Rum%C3%A2gna
Q109,eml,Fervêr,https://eml.wikipedia.org/wiki/Ferv%C3%AAr
Q1250,eml,Friåul-Venêzia Giógglia,https://eml.wikipedia.org/wiki/Fri%C3%A5ul-Ven%C3%AAzia_Gi%C3%B3gglia
Q116341,eml,Korçë,https://eml.wikipedia.org/wiki/Kor%C3%A7%C3%AB
Q1256,eml,Ligûria,https://eml.wikipedia.org/wiki/Lig%C3%BBria
Q13373,eml,Locca,https://eml.wikipedia.org/wiki/Locca
Q1210,eml,Lunbardî,https://eml.wikipedia.org/wiki/Lunbard%C3%AE
Q105,eml,Lunedé,https://eml.wikipedia.org/wiki/Luned%C3%A9
Q1282,eml,Lâzi,https://eml.wikipedia.org/wiki/L%C3%A2zi
Q121,eml,Lój,https://eml.wikipedia.org/wiki/L%C3%B3j
Q127,eml,Martedé,https://eml.wikipedia.org/wiki/Marted%C3%A9
Q13666,eml,Messina,https://eml.wikipedia.org/wiki/Messina
Q119,eml,Mâg,https://eml.wikipedia.org/wiki/M%C3%A2g
Q1279,eml,Mèrch,https://eml.wikipedia.org/wiki/M%C3%A8rch
Q111,eml,Mèrt,https://eml.wikipedia.org/wiki/M%C3%A8rt
Q110,eml,Mêrs,https://eml.wikipedia.org/wiki/M%C3%AArs
Q1065,eml,Nasiòun Unìdi,https://eml.wikipedia.org/wiki/Nasi%C3%B2un_Un%C3%ACdi
Q125,eml,Novèmber,https://eml.wikipedia.org/wiki/Nov%C3%A8mber
Q124,eml,Otòber,https://eml.wikipedia.org/wiki/Ot%C3%B2ber
Q1216,eml,Piemånt,https://eml.wikipedia.org/wiki/Piem%C3%A5nt
Q13375,eml,Piśa,https://eml.wikipedia.org/wiki/Pi%C5%9Ba
Q1085,eml,Prêga,https://eml.wikipedia.org/wiki/Pr%C3%AAga
Q123,eml,Setèmber,https://eml.wikipedia.org/wiki/Set%C3%A8mber
Q11860,eml,Silvio Berlusconi,https://eml.wikipedia.org/wiki/Silvio_Berlusconi
Q1321,eml,Spagnôl,https://eml.wikipedia.org/wiki/Spagn%C3%B4l
Q13629,eml,Sâser,https://eml.wikipedia.org/wiki/S%C3%A2ser
Q1273,eml,Tuschèna,https://eml.wikipedia.org/wiki/Tusch%C3%A8na
Q1404,eml,Uetersen,https://eml.wikipedia.org/wiki/Uetersen
Q132140,eml,Universidade Federal de Minas Gerais,https://eml.wikipedia.org/wiki/Universidade_Federal_de_Minas_Gerais
Q1243,eml,Vènet,https://eml.wikipedia.org/wiki/V%C3%A8net
Q108,eml,Znêr,https://eml.wikipedia.org/wiki/Zn%C3%AAr
Q120,eml,Zógn,https://eml.wikipedia.org/wiki/Z%C3%B3gn
Q1199,eml,Àsia,https://eml.wikipedia.org/wiki/%C3%80sia
Q1280,eml,Ónbria,https://eml.wikipedia.org/wiki/%C3%93nbria
Q15,eml,Africa,https://eml.wikipedia.org/wiki/Africa
Q173,eml,Alabàma,https://eml.wikipedia.org/wiki/Alab%C3%A0ma
Q1492,eml,Barcelóna,https://eml.wikipedia.org/wiki/Barcel%C3%B3na
Q170244,eml,Berat,https://eml.wikipedia.org/wiki/Berat
Q155,eml,Braṡil,https://eml.wikipedia.org/wiki/Bra%E1%B9%A1il
Q1486,eml,Buenuxâires,https://eml.wikipedia.org/wiki/Buenux%C3%A2ires
Q1479,eml,Burdó,https://eml.wikipedia.org/wiki/Burd%C3%B3
Q1458,eml,Calâbria,https://eml.wikipedia.org/wiki/Cal%C3%A2bria
Q1438,eml,Campània,https://eml.wikipedia.org/wiki/Camp%C3%A0nia
Q159106,eml,Centro Federal de Educação Tecnológica de Minas Gerais,https://eml.wikipedia.org/wiki/Centro_Federal_de_Educa%C3%A7%C3%A3o_Tecnol%C3%B3gica_de_Minas_Gerais
Q148,eml,Cina,https://eml.wikipedia.org/wiki/Cina
Q1748,eml,Cupenàghen,https://eml.wikipedia.org/wiki/Cupen%C3%A0ghen
Q16,eml,Cànada,https://eml.wikipedia.org/wiki/C%C3%A0nada
Q150,eml,Francés,https://eml.wikipedia.org/wiki/Franc%C3%A9s
Q142,eml,Franza,https://eml.wikipedia.org/wiki/Franza
Q157,eml,François Hollande,https://eml.wikipedia.org/wiki/Fran%C3%A7ois_Hollande
Q173690,eml,Gjirokastër,https://eml.wikipedia.org/wiki/Gjirokast%C3%ABr
Q1452,eml,Lucàgna,https://eml.wikipedia.org/wiki/Luc%C3%A0gna
Q14759,eml,Lèngva di sègn americàna,https://eml.wikipedia.org/wiki/L%C3%A8ngva_di_s%C3%A8gn_americ%C3%A0na
Q15143059,eml,Maria Elena Boschi,https://eml.wikipedia.org/wiki/Maria_Elena_Boschi
Q1494,eml,Missisìpi,https://eml.wikipedia.org/wiki/Missis%C3%ACpi
Q1443,eml,Mulìś,https://eml.wikipedia.org/wiki/Mul%C3%AC%C5%9B
Q165,eml,Mèr,https://eml.wikipedia.org/wiki/M%C3%A8r
Q1726,eml,Mònag 'd Bavéra,https://eml.wikipedia.org/wiki/M%C3%B2nag_%27d_Bav%C3%A9ra
Q1408,eml,New Jersey,https://eml.wikipedia.org/wiki/New_Jersey
Q15085,eml,Piemuntais,https://eml.wikipedia.org/wiki/Piemuntais
Q1447,eml,Pógglia,https://eml.wikipedia.org/wiki/P%C3%B3gglia
Q15862,eml,Queen,https://eml.wikipedia.org/wiki/Queen
Q159,eml,Rossia,https://eml.wikipedia.org/wiki/Rossia
Q145,eml,Régn Unî,https://eml.wikipedia.org/wiki/R%C3%A9gn_Un%C3%AE
Q1462,eml,Sardàggna,https://eml.wikipedia.org/wiki/Sard%C3%A0ggna
Q1489,eml,Sità dal Mèsic,https://eml.wikipedia.org/wiki/Sit%C3%A0_dal_M%C3%A8sic
Q1460,eml,Sizégglia,https://eml.wikipedia.org/wiki/Siz%C3%A9gglia
Q174,eml,São Paulo,https://eml.wikipedia.org/wiki/S%C3%A3o_Paulo
Q1490,eml,Tokyo,https://eml.wikipedia.org/wiki/Tokyo
Q159102,eml,Universidade Federal da Bahia,https://eml.wikipedia.org/wiki/Universidade_Federal_da_Bahia
Q156406,eml,Universitê de Stêt ed Feira de Santana,https://eml.wikipedia.org/wiki/Universit%C3%AA_de_St%C3%AAt_ed_Feira_de_Santana
Q159610,eml,Valona,https://eml.wikipedia.org/wiki/Valona
Q1449,eml,Zêna,https://eml.wikipedia.org/wiki/Z%C3%AAna
Q2035,eml,1901,https://eml.wikipedia.org/wiki/1901
Q2057,eml,1909,https://eml.wikipedia.org/wiki/1909
Q2155,eml,1920,https://eml.wikipedia.org/wiki/1920
Q2162,eml,1921,https://eml.wikipedia.org/wiki/1921
Q19715,eml,1928,https://eml.wikipedia.org/wiki/1928
Q2070,eml,1996,https://eml.wikipedia.org/wiki/1996
Q2091,eml,1999,https://eml.wikipedia.org/wiki/1999
Q1988,eml,2001,https://eml.wikipedia.org/wiki/2001
Q1987,eml,2002,https://eml.wikipedia.org/wiki/2002
Q1986,eml,2003,https://eml.wikipedia.org/wiki/2003
Q2014,eml,2004,https://eml.wikipedia.org/wiki/2004
Q2019,eml,2005,https://eml.wikipedia.org/wiki/2005
Q2021,eml,2006,https://eml.wikipedia.org/wiki/2006
Q2024,eml,2007,https://eml.wikipedia.org/wiki/2007
Q2004,eml,2008,https://eml.wikipedia.org/wiki/2008
Q1996,eml,2009,https://eml.wikipedia.org/wiki/2009
Q1995,eml,2010,https://eml.wikipedia.org/wiki/2010
Q18400,eml,Alatri,https://eml.wikipedia.org/wiki/Alatri
Q184,eml,Bielurùsia,https://eml.wikipedia.org/wiki/Bielur%C3%B9sia
Q1891,eml,Bulåggna,https://eml.wikipedia.org/wiki/Bul%C3%A5ggna
Q1845,eml,Bébia,https://eml.wikipedia.org/wiki/B%C3%A9bia
Q1903,eml,Catania,https://eml.wikipedia.org/wiki/Catania
Q176,eml,Chebèch,https://eml.wikipedia.org/wiki/Cheb%C3%A8ch
Q1880,eml,Concepción,https://eml.wikipedia.org/wiki/Concepci%C3%B3n
Q188500,eml,Elisha Cuthbert,https://eml.wikipedia.org/wiki/Elisha_Cuthbert
Q191,eml,Estògna,https://eml.wikipedia.org/wiki/Est%C3%B2gna
Q190897,eml,Fier,https://eml.wikipedia.org/wiki/Fier
Q2044,eml,Fiuränza,https://eml.wikipedia.org/wiki/Fiur%C3%A4nza
Q1794,eml,Francfòrt,https://eml.wikipedia.org/wiki/Francf%C3%B2rt
Q183,eml,Germâgna,https://eml.wikipedia.org/wiki/Germ%C3%A2gna
Q17,eml,Giapòṅ,https://eml.wikipedia.org/wiki/Giap%C3%B2%E1%B9%85
Q21198,eml,Informàtica,https://eml.wikipedia.org/wiki/Inform%C3%A0tica
Q1860,eml,Inglés,https://eml.wikipedia.org/wiki/Ingl%C3%A9s
Q189,eml,Islanda,https://eml.wikipedia.org/wiki/Islanda
Q1959,eml,Końskowola,https://eml.wikipedia.org/wiki/Ko%C5%84skowola
Q210197,eml,Kukës,https://eml.wikipedia.org/wiki/Kuk%C3%ABs
Q19814,eml,Languv latén,https://eml.wikipedia.org/wiki/Languv_lat%C3%A9n
Q19697,eml,Motorhead,https://eml.wikipedia.org/wiki/Motorhead
Q217096,eml,Naruhito,https://eml.wikipedia.org/wiki/Naruhito
Q20,eml,Nurvégia,https://eml.wikipedia.org/wiki/Nurv%C3%A9gia
Q19581,eml,Rafael Correa,https://eml.wikipedia.org/wiki/Rafael_Correa
Q213,eml,Repùblica Céca,https://eml.wikipedia.org/wiki/Rep%C3%B9blica_C%C3%A9ca
Q18013,eml,Sacramento (Califòrgna),https://eml.wikipedia.org/wiki/Sacramento_(Calif%C3%B2rgna)
Q193,eml,Satûren,https://eml.wikipedia.org/wiki/Sat%C3%BBren
Q188,eml,Tedèsch,https://eml.wikipedia.org/wiki/Ted%C3%A8sch
Q212,eml,Ucragna,https://eml.wikipedia.org/wiki/Ucragna
Q1859,eml,Vera Césa ed Gesù,https://eml.wikipedia.org/wiki/Vera_C%C3%A9sa_ed_Ges%C3%B9
Q1877,eml,Đồng Hới,https://eml.wikipedia.org/wiki/%C4%90%E1%BB%93ng_H%E1%BB%9Bi
Q196163,eml,Łobez,https://eml.wikipedia.org/wiki/%C5%81obez
Q215,eml,Śluvègna,https://eml.wikipedia.org/wiki/%C5%9Aluv%C3%A8gna
Q2479,eml,1975,https://eml.wikipedia.org/wiki/1975
Q2437,eml,1981,https://eml.wikipedia.org/wiki/1981
Q2436,eml,1982,https://eml.wikipedia.org/wiki/1982
Q2432,eml,1984,https://eml.wikipedia.org/wiki/1984
Q2431,eml,1985,https://eml.wikipedia.org/wiki/1985
Q2425,eml,1989,https://eml.wikipedia.org/wiki/1989
Q222,eml,Albanî,https://eml.wikipedia.org/wiki/Alban%C3%AE
Q228,eml,Andårra (Principä),https://eml.wikipedia.org/wiki/And%C3%A5rra_(Princip%C3%A4)
Q283,eml,Aqua,https://eml.wikipedia.org/wiki/Aqua
Q227,eml,Azerbaigiàn,https://eml.wikipedia.org/wiki/Azerbaigi%C3%A0n
Q2386011,eml,Bochotnica,https://eml.wikipedia.org/wiki/Bochotnica
Q2844,eml,Brasilia,https://eml.wikipedia.org/wiki/Brasilia
Q2841,eml,Bugutà,https://eml.wikipedia.org/wiki/Bugut%C3%A0
Q219,eml,Bulgarìa,https://eml.wikipedia.org/wiki/Bulgar%C3%ACa
Q225,eml,Bòśgna-Erśegòvina,https://eml.wikipedia.org/wiki/B%C3%B2%C5%9Bgna-Er%C5%9Beg%C3%B2vina
Q224,eml,Cruàsia,https://eml.wikipedia.org/wiki/Cru%C3%A0sia
Q298,eml,Cîl,https://eml.wikipedia.org/wiki/C%C3%AEl
Q22686,eml,Donald Trump,https://eml.wikipedia.org/wiki/Donald_Trump
Q2736,eml,Fólbar,https://eml.wikipedia.org/wiki/F%C3%B3lbar
Q230,eml,Geòrgia,https://eml.wikipedia.org/wiki/Ge%C3%B2rgia
Q302,eml,Geṡü,https://eml.wikipedia.org/wiki/Ge%E1%B9%A1%C3%BC
Q21,eml,Inghiltèra,https://eml.wikipedia.org/wiki/Inghilt%C3%A8ra
Q2316,eml,Kurów,https://eml.wikipedia.org/wiki/Kur%C3%B3w
Q233,eml,Malta,https://eml.wikipedia.org/wiki/Malta
Q308,eml,Mercûri,https://eml.wikipedia.org/wiki/Merc%C3%BBri
Q2831,eml,Michael Jackson,https://eml.wikipedia.org/wiki/Michael_Jackson
Q29364,eml,Montgomery (Alabàma),https://eml.wikipedia.org/wiki/Montgomery_(Alab%C3%A0ma)
Q26426,eml,Montpelier (Vermònt),https://eml.wikipedia.org/wiki/Montpelier_(Verm%C3%B2nt)
Q236,eml,Mòntnégar,https://eml.wikipedia.org/wiki/M%C3%B2ntn%C3%A9gar
Q2634,eml,Nâpol,https://eml.wikipedia.org/wiki/N%C3%A2pol
Q23441,eml,Octave Mirbeau,https://eml.wikipedia.org/wiki/Octave_Mirbeau
Q23393,eml,Pader noster,https://eml.wikipedia.org/wiki/Pader_noster
Q2656,eml,Palèrum,https://eml.wikipedia.org/wiki/Pal%C3%A8rum
Q218,eml,Rumania,https://eml.wikipedia.org/wiki/Rumania
Q220,eml,Råmma,https://eml.wikipedia.org/wiki/R%C3%A5mma
Q238,eml,San Marein,https://eml.wikipedia.org/wiki/San_Marein
Q2887,eml,Santiâg,https://eml.wikipedia.org/wiki/Santi%C3%A2g
Q237,eml,Sitê dal Vaticân,https://eml.wikipedia.org/wiki/Sit%C3%AA_dal_Vatic%C3%A2n
Q29,eml,Spaggna,https://eml.wikipedia.org/wiki/Spaggna
Q30,eml,Stat Unî,https://eml.wikipedia.org/wiki/Stat_Un%C3%AE
Q309,eml,Stòria,https://eml.wikipedia.org/wiki/St%C3%B2ria
Q2751,eml,Séna,https://eml.wikipedia.org/wiki/S%C3%A9na
Q223495,eml,The Carpenters,https://eml.wikipedia.org/wiki/The_Carpenters
Q2,eml,Tèra,https://eml.wikipedia.org/wiki/T%C3%A8ra
Q28,eml,Ungherî,https://eml.wikipedia.org/wiki/Ungher%C3%AE
Q2495760,eml,Universidade do Estado de Minas Gerais,https://eml.wikipedia.org/wiki/Universidade_do_Estado_de_Minas_Gerais
Q26319,eml,Universitê Niccolò Cusano,https://eml.wikipedia.org/wiki/Universit%C3%AA_Niccol%C3%B2_Cusano
Q270,eml,Varsàvia,https://eml.wikipedia.org/wiki/Vars%C3%A0via
Q352,eml,Adolf Hitler,https://eml.wikipedia.org/wiki/Adolf_Hitler
Q399,eml,Armègna,https://eml.wikipedia.org/wiki/Arm%C3%A8gna
Q3863,eml,Asteròid,https://eml.wikipedia.org/wiki/Aster%C3%B2id
Q333,eml,Astronomî,https://eml.wikipedia.org/wiki/Astronom%C3%AE
Q408,eml,Austràglia,https://eml.wikipedia.org/wiki/Austr%C3%A0glia
Q3519,eml,Bari,https://eml.wikipedia.org/wiki/Bari
Q383541,eml,Basshunter,https://eml.wikipedia.org/wiki/Basshunter
Q31,eml,Bélgi,https://eml.wikipedia.org/wiki/B%C3%A9lgi
Q35135,eml,Catalão,https://eml.wikipedia.org/wiki/Catal%C3%A3o
Q35,eml,Danimàrca,https://eml.wikipedia.org/wiki/Danim%C3%A0rca
Q33,eml,Finlàndia,https://eml.wikipedia.org/wiki/Finl%C3%A0ndia
Q38,eml,Itâglia,https://eml.wikipedia.org/wiki/It%C3%A2glia
Q34600,eml,Kyōto,https://eml.wikipedia.org/wiki/Ky%C5%8Dto
Q397,eml,Latèin,https://eml.wikipedia.org/wiki/Lat%C3%A8in
Q347,eml,Liechtenstein,https://eml.wikipedia.org/wiki/Liechtenstein
Q37,eml,Lituàgna,https://eml.wikipedia.org/wiki/Litu%C3%A0gna
Q32,eml,Lussembûrgh,https://eml.wikipedia.org/wiki/Lussemb%C3%BBrgh
Q33000,eml,Lèngva di sègn britànica,https://eml.wikipedia.org/wiki/L%C3%A8ngva_di_s%C3%A8gn_brit%C3%A0nica
Q33302,eml,Lèngva di sègn francéśa,https://eml.wikipedia.org/wiki/L%C3%A8ngva_di_s%C3%A8gn_franc%C3%A9%C5%9Ba
Q375619,eml,Lèngva di sègn itagliàna,https://eml.wikipedia.org/wiki/L%C3%A8ngva_di_s%C3%A8gn_itagli%C3%A0na
Q36239,eml,Lèngva di sègn neośelandéśa,https://eml.wikipedia.org/wiki/L%C3%A8ngva_di_s%C3%A8gn_neo%C5%9Beland%C3%A9%C5%9Ba
Q33282,eml,Lèngva di sègn tedèsca,https://eml.wikipedia.org/wiki/L%C3%A8ngva_di_s%C3%A8gn_ted%C3%A8sca
Q405,eml,Lóṅna,https://eml.wikipedia.org/wiki/L%C3%B3%E1%B9%85na
Q3847714,eml,Marianna Madia,https://eml.wikipedia.org/wiki/Marianna_Madia
Q332,eml,Netón,https://eml.wikipedia.org/wiki/Net%C3%B3n
Q33959,eml,Nisa,https://eml.wikipedia.org/wiki/Nisa
Q35109,eml,Noemi,https://eml.wikipedia.org/wiki/Noemi
Q34863,eml,Oklahoma City,https://eml.wikipedia.org/wiki/Oklahoma_City
Q4035,eml,Osasco,https://eml.wikipedia.org/wiki/Osasco
Q361,eml,Prémma guèra mundièl,https://eml.wikipedia.org/wiki/Pr%C3%A9mma_gu%C3%A8ra_mundi%C3%A8l
Q36,eml,Pulógna,https://eml.wikipedia.org/wiki/Pul%C3%B3gna
Q34001,eml,Roubaix,https://eml.wikipedia.org/wiki/Roubaix
Q30974,eml,Rouen,https://eml.wikipedia.org/wiki/Rouen
Q33976,eml,Sardagnaul,https://eml.wikipedia.org/wiki/Sardagnaul
Q362,eml,Secånda guèra mundièl,https://eml.wikipedia.org/wiki/Sec%C3%A5nda_gu%C3%A8ra_mundi%C3%A8l
Q36198,eml,Siligo,https://eml.wikipedia.org/wiki/Siligo
Q39,eml,Svézzra,https://eml.wikipedia.org/wiki/Sv%C3%A9zzra
Q403,eml,Sèrbia,https://eml.wikipedia.org/wiki/S%C3%A8rbia
Q33986,eml,Valparaiso,https://eml.wikipedia.org/wiki/Valparaiso
Q313,eml,Vèner (astronoméia),https://eml.wikipedia.org/wiki/V%C3%A8ner_(astronom%C3%A9ia)
Q40,eml,Àustria,https://eml.wikipedia.org/wiki/%C3%80ustria
Q34,eml,Śvèsia,https://eml.wikipedia.org/wiki/%C5%9Av%C3%A8sia
Q3594268,eml,Šiprage,https://eml.wikipedia.org/wiki/%C5%A0iprage
Q5165,eml,1948,https://eml.wikipedia.org/wiki/1948
Q5253,eml,1958,https://eml.wikipedia.org/wiki/1958
Q5202,eml,Almazán,https://eml.wikipedia.org/wiki/Almaz%C3%A1n
Q51,eml,Antàrtid,https://eml.wikipedia.org/wiki/Ant%C3%A0rtid
Q414,eml,Argintìna,https://eml.wikipedia.org/wiki/Argint%C3%ACna
Q48,eml,Asia,https://eml.wikipedia.org/wiki/Asia
Q4604,eml,Confûci,https://eml.wikipedia.org/wiki/Conf%C3%BBci
Q4617,eml,Corbin Bleu,https://eml.wikipedia.org/wiki/Corbin_Bleu
Q4361,eml,Curitiba,https://eml.wikipedia.org/wiki/Curitiba
Q5105,eml,Céline Dion,https://eml.wikipedia.org/wiki/C%C3%A9line_Dion
Q43387,eml,Edirne,https://eml.wikipedia.org/wiki/Edirne
Q5292,eml,Ensiclopedìa,https://eml.wikipedia.org/wiki/Ensicloped%C3%ACa
Q46,eml,Európa,https://eml.wikipedia.org/wiki/Eur%C3%B3pa
Q450675,eml,Francesco (papa),https://eml.wikipedia.org/wiki/Francesco_(papa)
Q413,eml,Fîsica,https://eml.wikipedia.org/wiki/F%C3%AEsica
Q469925,eml,Ghil'ad Zuckermann,https://eml.wikipedia.org/wiki/Ghil%27ad_Zuckermann
Q41,eml,Grécia,https://eml.wikipedia.org/wiki/Gr%C3%A9cia
Q4414537,eml,Guillermo Lasso,https://eml.wikipedia.org/wiki/Guillermo_Lasso
Q5208,eml,Huang Xianfan,https://eml.wikipedia.org/wiki/Huang_Xianfan
Q4842556,eml,Instituto Federal da Bahia,https://eml.wikipedia.org/wiki/Instituto_Federal_da_Bahia
Q4616,eml,Marilyn Monroe,https://eml.wikipedia.org/wiki/Marilyn_Monroe
Q490,eml,Milàn,https://eml.wikipedia.org/wiki/Mil%C3%A0n
Q4918,eml,Mêr Mediteràni,https://eml.wikipedia.org/wiki/M%C3%AAr_Mediter%C3%A0ni
Q517,eml,Napulèòṅ,https://eml.wikipedia.org/wiki/Napul%C3%A8%C3%B2%E1%B9%85
Q507595,eml,Nichi Vendola,https://eml.wikipedia.org/wiki/Nichi_Vendola
Q473466,eml,Paramore,https://eml.wikipedia.org/wiki/Paramore
Q5146,eml,Purtugheṡ,https://eml.wikipedia.org/wiki/Purtughe%E1%B9%A1
Q45,eml,Purtugàl,https://eml.wikipedia.org/wiki/Purtug%C3%A0l
Q544,eml,Sistéma sulàr,https://eml.wikipedia.org/wiki/Sist%C3%A9ma_sul%C3%A0r
Q4688112,eml,Sung Jae-gi,https://eml.wikipedia.org/wiki/Sung_Jae-gi
Q525,eml,Såul,https://eml.wikipedia.org/wiki/S%C3%A5ul
Q43,eml,Turchî,https://eml.wikipedia.org/wiki/Turch%C3%AE
Q495,eml,Turén,https://eml.wikipedia.org/wiki/Tur%C3%A9n
Q55643,eml,Uceàgna,https://eml.wikipedia.org/wiki/Uce%C3%A0gna
Q55,eml,Ulànda,https://eml.wikipedia.org/wiki/Ul%C3%A0nda
Q5582,eml,Vincent van Gogh,https://eml.wikipedia.org/wiki/Vincent_van_Gogh
Q52,eml,Wikipedia,https://eml.wikipedia.org/wiki/Wikipedia
Q432,eml,Ìślam,https://eml.wikipedia.org/wiki/%C3%8C%C5%9Blam
Q577,eml,An,https://eml.wikipedia.org/wiki/An
Q6221,eml,Brëssa,https://eml.wikipedia.org/wiki/Br%C3%ABssa
Q628,eml,Bêrgum,https://eml.wikipedia.org/wiki/B%C3%AArgum
Q6105,eml,Hebe Camargo,https://eml.wikipedia.org/wiki/Hebe_Camargo
Q561147,eml,Joan Fuster,https://eml.wikipedia.org/wiki/Joan_Fuster
Q6279,eml,Joe Biden,https://eml.wikipedia.org/wiki/Joe_Biden
Q6247,eml,Mantva,https://eml.wikipedia.org/wiki/Mantva
Q60,eml,New York,https://eml.wikipedia.org/wiki/New_York
Q634,eml,Pianaid,https://eml.wikipedia.org/wiki/Pianaid
Q6285,eml,Varais,https://eml.wikipedia.org/wiki/Varais
Q7640,eml,1846,https://eml.wikipedia.org/wiki/1846
Q727,eml,Amsterdam,https://eml.wikipedia.org/wiki/Amsterdam
Q78516,eml,Anna Netrebko,https://eml.wikipedia.org/wiki/Anna_Netrebko
Q76,eml,Barack Obama,https://eml.wikipedia.org/wiki/Barack_Obama
Q64,eml,Berlîṅ,https://eml.wikipedia.org/wiki/Berl%C3%AE%E1%B9%85
Q7026,eml,Catalàn,https://eml.wikipedia.org/wiki/Catal%C3%A0n
Q756916,eml,Centro Federal de Educação Tecnológica Celso Suckow da Fonseca,https://eml.wikipedia.org/wiki/Centro_Federal_de_Educa%C3%A7%C3%A3o_Tecnol%C3%B3gica_Celso_Suckow_da_Fonseca
Q739,eml,Colombia,https://eml.wikipedia.org/wiki/Colombia
Q83285,eml,Durazzo,https://eml.wikipedia.org/wiki/Durazzo
Q764,eml,Funś,https://eml.wikipedia.org/wiki/Fun%C5%9B
Q8676,eml,Guèra 'd secesiòṅ americàna,https://eml.wikipedia.org/wiki/Gu%C3%A8ra_%27d_secesi%C3%B2%E1%B9%85_americ%C3%A0na
Q794,eml,Iràn,https://eml.wikipedia.org/wiki/Ir%C3%A0n
Q652,eml,Itagliàn,https://eml.wikipedia.org/wiki/Itagli%C3%A0n
Q855,eml,Joseph Stalin,https://eml.wikipedia.org/wiki/Joseph_Stalin
Q762,eml,Leonardo da Vinci,https://eml.wikipedia.org/wiki/Leonardo_da_Vinci
Q8409,eml,Lisàndar Magn,https://eml.wikipedia.org/wiki/Lis%C3%A0ndar_Magn
Q65,eml,Los Angeles,https://eml.wikipedia.org/wiki/Los_Angeles
Q84,eml,Lòndra,https://eml.wikipedia.org/wiki/L%C3%B2ndra
Q649,eml,Måssca,https://eml.wikipedia.org/wiki/M%C3%A5ssca
Q8023,eml,Nelson Mandela,https://eml.wikipedia.org/wiki/Nelson_Mandela
Q787,eml,Nimêl,https://eml.wikipedia.org/wiki/Nim%C3%AAl
Q809,eml,Pulàc,https://eml.wikipedia.org/wiki/Pul%C3%A0c
Q8678,eml,Rio de Janeiro,https://eml.wikipedia.org/wiki/Rio_de_Janeiro
Q83338,eml,Robin Williams,https://eml.wikipedia.org/wiki/Robin_Williams
Q7737,eml,Róss,https://eml.wikipedia.org/wiki/R%C3%B3ss
Q7944,eml,Taramòt,https://eml.wikipedia.org/wiki/Taram%C3%B2t
Q717,eml,Venesüela,https://eml.wikipedia.org/wiki/Venes%C3%BCela
Q641,eml,Venêzia,https://eml.wikipedia.org/wiki/Ven%C3%AAzia
Q849751,eml,York University,https://eml.wikipedia.org/wiki/York_University
Q668,eml,Ìndia,https://eml.wikipedia.org/wiki/%C3%8Cndia
Q664,eml,Śelànda Nóva,https://eml.wikipedia.org/wiki/%C5%9Ael%C3%A0nda_N%C3%B3va
Q9022,eml,Guadalajara (Mèsic),https://eml.wikipedia.org/wiki/Guadalajara_(M%C3%A8sic)
Q96,eml,Mèsic,https://eml.wikipedia.org/wiki/M%C3%A8sic
Q90,eml,Parì,https://eml.wikipedia.org/wiki/Par%C3%AC
Q9960,eml,Ronald Reagan,https://eml.wikipedia.org/wiki/Ronald_Reagan
Q97,eml,Ucéan Atlàntic,https://eml.wikipedia.org/wiki/Uc%C3%A9an_Atl%C3%A0ntic
Q881,eml,Vietnam,https://eml.wikipedia.org/wiki/Vietnam
Q9121,eml,Àtum,https://eml.wikipedia.org/wiki/%C3%80tum
Q118,sc,Abrile,https://sc.wikipedia.org/wiki/Abrile
Q1284,sc,Abrutzu,https://sc.wikipedia.org/wiki/Abrutzu
Q122,sc,Austu,https://sc.wikipedia.org/wiki/Austu
Q108,sc,Bennàlzu,https://sc.wikipedia.org/wiki/Benn%C3%A0lzu
Q13496,sc,Brìndisi,https://sc.wikipedia.org/wiki/Br%C3%ACndisi
Q123,sc,Cabidanni,https://sc.wikipedia.org/wiki/Cabidanni
Q13680,sc,Caltanissetta,https://sc.wikipedia.org/wiki/Caltanissetta
Q1297,sc,Chicago,https://sc.wikipedia.org/wiki/Chicago
Q1072,sc,Coru,https://sc.wikipedia.org/wiki/Coru
Q1067,sc,Dante Alighieri,https://sc.wikipedia.org/wiki/Dante_Alighieri
Q114257,sc,Elbasan,https://sc.wikipedia.org/wiki/Elbasan
Q1263,sc,Emìlia-Romagna,https://sc.wikipedia.org/wiki/Em%C3%AClia-Romagna
Q109,sc,Freàrgiu,https://sc.wikipedia.org/wiki/Fre%C3%A0rgiu
Q1250,sc,Friuli-Venetzia Giulia,https://sc.wikipedia.org/wiki/Friuli-Venetzia_Giulia
Q116341,sc,Korçë,https://sc.wikipedia.org/wiki/Kor%C3%A7%C3%AB
Q1256,sc,Ligùria,https://sc.wikipedia.org/wiki/Lig%C3%B9ria
Q1321,sc,Limba ispagnola,https://sc.wikipedia.org/wiki/Limba_ispagnola
Q1210,sc,Lombardia,https://sc.wikipedia.org/wiki/Lombardia
Q13373,sc,Lucca,https://sc.wikipedia.org/wiki/Lucca
Q105,sc,Lunis,https://sc.wikipedia.org/wiki/Lunis
Q120,sc,Làmpadas,https://sc.wikipedia.org/wiki/L%C3%A0mpadas
Q1282,sc,Làtziu,https://sc.wikipedia.org/wiki/L%C3%A0tziu
Q119,sc,Maju,https://sc.wikipedia.org/wiki/Maju
Q1279,sc,Marcas,https://sc.wikipedia.org/wiki/Marcas
Q111,sc,Marte (praneta),https://sc.wikipedia.org/wiki/Marte_(praneta)
Q127,sc,Martis,https://sc.wikipedia.org/wiki/Martis
Q110,sc,Martzu,https://sc.wikipedia.org/wiki/Martzu
Q13666,sc,Messina,https://sc.wikipedia.org/wiki/Messina
Q126,sc,Nadale,https://sc.wikipedia.org/wiki/Nadale
Q1065,sc,ONU,https://sc.wikipedia.org/wiki/ONU
Q1216,sc,Piemonte,https://sc.wikipedia.org/wiki/Piemonte
Q13375,sc,Pisa,https://sc.wikipedia.org/wiki/Pisa
Q1085,sc,Praga,https://sc.wikipedia.org/wiki/Praga
Q125,sc,Santandria,https://sc.wikipedia.org/wiki/Santandria
Q124,sc,Santuaine,https://sc.wikipedia.org/wiki/Santuaine
Q11860,sc,Silvio Berlusconi,https://sc.wikipedia.org/wiki/Silvio_Berlusconi
Q1299,sc,The Beatles,https://sc.wikipedia.org/wiki/The_Beatles
Q1273,sc,Toscana,https://sc.wikipedia.org/wiki/Toscana
Q121,sc,Trìulas,https://sc.wikipedia.org/wiki/Tr%C3%ACulas
Q13629,sc,Tàtari,https://sc.wikipedia.org/wiki/T%C3%A0tari
Q1404,sc,Uetersen,https://sc.wikipedia.org/wiki/Uetersen
Q132140,sc,Universidade Federal de Minas Gerais,https://sc.wikipedia.org/wiki/Universidade_Federal_de_Minas_Gerais
Q1243,sc,Vènetu,https://sc.wikipedia.org/wiki/V%C3%A8netu
Q1199,sc,Àssia,https://sc.wikipedia.org/wiki/%C3%80ssia
Q1280,sc,Ùmbria,https://sc.wikipedia.org/wiki/%C3%99mbria
Q173,sc,Alabama,https://sc.wikipedia.org/wiki/Alabama
Q1492,sc,Bartzellona,https://sc.wikipedia.org/wiki/Bartzellona
Q1452,sc,Basilicata,https://sc.wikipedia.org/wiki/Basilicata
Q170244,sc,Berat,https://sc.wikipedia.org/wiki/Berat
Q1479,sc,Bordeaux,https://sc.wikipedia.org/wiki/Bordeaux
Q155,sc,Brasile,https://sc.wikipedia.org/wiki/Brasile
Q1486,sc,Buenos Aires,https://sc.wikipedia.org/wiki/Buenos_Aires
Q1458,sc,Calabria,https://sc.wikipedia.org/wiki/Calabria
Q1438,sc,Campània,https://sc.wikipedia.org/wiki/Camp%C3%A0nia
Q16,sc,Canada,https://sc.wikipedia.org/wiki/Canada
Q159106,sc,Centro Federal de Educação Tecnológica de Minas Gerais,https://sc.wikipedia.org/wiki/Centro_Federal_de_Educa%C3%A7%C3%A3o_Tecnol%C3%B3gica_de_Minas_Gerais
Q1748,sc,Copenaghen,https://sc.wikipedia.org/wiki/Copenaghen
Q142,sc,Frantza,https://sc.wikipedia.org/wiki/Frantza
Q157,sc,François Hollande,https://sc.wikipedia.org/wiki/Fran%C3%A7ois_Hollande
Q173690,sc,Gjirokastër,https://sc.wikipedia.org/wiki/Gjirokast%C3%ABr
Q1449,sc,Gènova,https://sc.wikipedia.org/wiki/G%C3%A8nova
Q14759,sc,Limba de sos sinnos americana,https://sc.wikipedia.org/wiki/Limba_de_sos_sinnos_americana
Q150,sc,Limba frantzesa,https://sc.wikipedia.org/wiki/Limba_frantzesa
Q15085,sc,Limba piemontesa,https://sc.wikipedia.org/wiki/Limba_piemontesa
Q165,sc,Mare,https://sc.wikipedia.org/wiki/Mare
Q15143059,sc,Maria Elena Boschi,https://sc.wikipedia.org/wiki/Maria_Elena_Boschi
Q1494,sc,Mississippi (istadu),https://sc.wikipedia.org/wiki/Mississippi_(istadu)
Q1443,sc,Molise,https://sc.wikipedia.org/wiki/Molise
Q1726,sc,Mònacu de Baviera,https://sc.wikipedia.org/wiki/M%C3%B2nacu_de_Baviera
Q1408,sc,New Jersey,https://sc.wikipedia.org/wiki/New_Jersey
Q1447,sc,Pùglia,https://sc.wikipedia.org/wiki/P%C3%B9glia
Q15862,sc,Queen,https://sc.wikipedia.org/wiki/Queen
Q1462,sc,Regione Autònoma de Sardigna,https://sc.wikipedia.org/wiki/Regione_Aut%C3%B2noma_de_Sardigna
Q145,sc,Rennu Unidu,https://sc.wikipedia.org/wiki/Rennu_Unidu
Q159,sc,Rùssia,https://sc.wikipedia.org/wiki/R%C3%B9ssia
Q1460,sc,Sitzìlia,https://sc.wikipedia.org/wiki/Sitz%C3%AClia
Q174,sc,São Paulo,https://sc.wikipedia.org/wiki/S%C3%A3o_Paulo
Q1490,sc,Tokio,https://sc.wikipedia.org/wiki/Tokio
Q148,sc,Tzina,https://sc.wikipedia.org/wiki/Tzina
Q1489,sc,Tzitade de su Mèssicu,https://sc.wikipedia.org/wiki/Tzitade_de_su_M%C3%A8ssicu
Q156406,sc,Universidade Estadual de Feira de Santana,https://sc.wikipedia.org/wiki/Universidade_Estadual_de_Feira_de_Santana
Q159102,sc,Universidade Federal da Bahia,https://sc.wikipedia.org/wiki/Universidade_Federal_da_Bahia
Q159610,sc,Vlorë,https://sc.wikipedia.org/wiki/Vlor%C3%AB
Q15,sc,Àfrica,https://sc.wikipedia.org/wiki/%C3%80frica
Q2035,sc,1901,https://sc.wikipedia.org/wiki/1901
Q2057,sc,1909,https://sc.wikipedia.org/wiki/1909
Q2155,sc,1920,https://sc.wikipedia.org/wiki/1920
Q2162,sc,1921,https://sc.wikipedia.org/wiki/1921
Q19715,sc,1928,https://sc.wikipedia.org/wiki/1928
Q2070,sc,1996,https://sc.wikipedia.org/wiki/1996
Q2091,sc,1999,https://sc.wikipedia.org/wiki/1999
Q1988,sc,2001,https://sc.wikipedia.org/wiki/2001
Q1987,sc,2002,https://sc.wikipedia.org/wiki/2002
Q1986,sc,2003,https://sc.wikipedia.org/wiki/2003
Q2014,sc,2004,https://sc.wikipedia.org/wiki/2004
Q2019,sc,2005,https://sc.wikipedia.org/wiki/2005
Q2021,sc,2006,https://sc.wikipedia.org/wiki/2006
Q2024,sc,2007,https://sc.wikipedia.org/wiki/2007
Q2004,sc,2008,https://sc.wikipedia.org/wiki/2008
Q1996,sc,2009,https://sc.wikipedia.org/wiki/2009
Q1995,sc,2010,https://sc.wikipedia.org/wiki/2010
Q18400,sc,Alatri,https://sc.wikipedia.org/wiki/Alatri
Q1859,sc,Bera Cresia de Gesu,https://sc.wikipedia.org/wiki/Bera_Cresia_de_Gesu
Q1845,sc,Bibbia,https://sc.wikipedia.org/wiki/Bibbia
Q184,sc,Bielorùssia,https://sc.wikipedia.org/wiki/Bielor%C3%B9ssia
Q1891,sc,Bologna,https://sc.wikipedia.org/wiki/Bologna
Q1903,sc,Catania,https://sc.wikipedia.org/wiki/Catania
Q1880,sc,Concepción (Cile),https://sc.wikipedia.org/wiki/Concepci%C3%B3n_(Cile)
Q1877,sc,Dong Hoi,https://sc.wikipedia.org/wiki/Dong_Hoi
Q188500,sc,Elisha Cuthbert,https://sc.wikipedia.org/wiki/Elisha_Cuthbert
Q191,sc,Estònia,https://sc.wikipedia.org/wiki/Est%C3%B2nia
Q190897,sc,Fier,https://sc.wikipedia.org/wiki/Fier
Q2044,sc,Firentze,https://sc.wikipedia.org/wiki/Firentze
Q1794,sc,Francuforte subra su Menu,https://sc.wikipedia.org/wiki/Francuforte_subra_su_Menu
Q183,sc,Germània,https://sc.wikipedia.org/wiki/Germ%C3%A0nia
Q17,sc,Giapone,https://sc.wikipedia.org/wiki/Giapone
Q21198,sc,Informàtica,https://sc.wikipedia.org/wiki/Inform%C3%A0tica
Q189,sc,Islanda,https://sc.wikipedia.org/wiki/Islanda
Q215,sc,Islovènia,https://sc.wikipedia.org/wiki/Islov%C3%A8nia
Q1959,sc,Końskowola,https://sc.wikipedia.org/wiki/Ko%C5%84skowola
Q210197,sc,Kukës,https://sc.wikipedia.org/wiki/Kuk%C3%ABs
Q1860,sc,Limba inglesa,https://sc.wikipedia.org/wiki/Limba_inglesa
Q188,sc,Limba tedesca,https://sc.wikipedia.org/wiki/Limba_tedesca
Q19814,sc,Limbas romanzas,https://sc.wikipedia.org/wiki/Limbas_romanzas
Q19697,sc,Motorhead,https://sc.wikipedia.org/wiki/Motorhead
Q217096,sc,Naruhito,https://sc.wikipedia.org/wiki/Naruhito
Q20,sc,Norvègia,https://sc.wikipedia.org/wiki/Norv%C3%A8gia
Q176,sc,Québec,https://sc.wikipedia.org/wiki/Qu%C3%A9bec
Q19581,sc,Rafael Correa,https://sc.wikipedia.org/wiki/Rafael_Correa
Q213,sc,Repùblica Ceca,https://sc.wikipedia.org/wiki/Rep%C3%B9blica_Ceca
Q18013,sc,Sacramento (Califòrnia),https://sc.wikipedia.org/wiki/Sacramento_(Calif%C3%B2rnia)
Q193,sc,Saturnu (praneta),https://sc.wikipedia.org/wiki/Saturnu_(praneta)
Q212,sc,Ucraina,https://sc.wikipedia.org/wiki/Ucraina
Q196163,sc,Łobez,https://sc.wikipedia.org/wiki/%C5%81obez
Q2479,sc,1975,https://sc.wikipedia.org/wiki/1975
Q2437,sc,1981,https://sc.wikipedia.org/wiki/1981
Q2436,sc,1982,https://sc.wikipedia.org/wiki/1982
Q2432,sc,1984,https://sc.wikipedia.org/wiki/1984
Q2431,sc,1985,https://sc.wikipedia.org/wiki/1985
Q2425,sc,1989,https://sc.wikipedia.org/wiki/1989
Q283,sc,Abba,https://sc.wikipedia.org/wiki/Abba
Q222,sc,Albania,https://sc.wikipedia.org/wiki/Albania
Q228,sc,Andorra,https://sc.wikipedia.org/wiki/Andorra
Q227,sc,Azerbaigiàn,https://sc.wikipedia.org/wiki/Azerbaigi%C3%A0n
Q23393,sc,Babbu nostru,https://sc.wikipedia.org/wiki/Babbu_nostru
Q2386011,sc,Bochotnica,https://sc.wikipedia.org/wiki/Bochotnica
Q2841,sc,Bogotá,https://sc.wikipedia.org/wiki/Bogot%C3%A1
Q2844,sc,Brasìlia,https://sc.wikipedia.org/wiki/Bras%C3%AClia
Q219,sc,Bulgària,https://sc.wikipedia.org/wiki/Bulg%C3%A0ria
Q225,sc,Bòsnia e Erzegòvina,https://sc.wikipedia.org/wiki/B%C3%B2snia_e_Erzeg%C3%B2vina
Q298,sc,Cile,https://sc.wikipedia.org/wiki/Cile
Q224,sc,Croàtzia,https://sc.wikipedia.org/wiki/Cro%C3%A0tzia
Q22686,sc,Donald Trump,https://sc.wikipedia.org/wiki/Donald_Trump
Q2736,sc,Fúbalu,https://sc.wikipedia.org/wiki/F%C3%BAbalu
Q302,sc,Gesùs,https://sc.wikipedia.org/wiki/Ges%C3%B9s
Q230,sc,Geòrgia,https://sc.wikipedia.org/wiki/Ge%C3%B2rgia
Q21,sc,Inghilterra,https://sc.wikipedia.org/wiki/Inghilterra
Q29,sc,Ispagna,https://sc.wikipedia.org/wiki/Ispagna
Q30,sc,Istados Unidos de Amèrica,https://sc.wikipedia.org/wiki/Istados_Unidos_de_Am%C3%A8rica
Q309,sc,Istòria,https://sc.wikipedia.org/wiki/Ist%C3%B2ria
Q2316,sc,Kurów,https://sc.wikipedia.org/wiki/Kur%C3%B3w
Q233,sc,Malta,https://sc.wikipedia.org/wiki/Malta
Q308,sc,Mercùriu (praneta),https://sc.wikipedia.org/wiki/Merc%C3%B9riu_(praneta)
Q2831,sc,Michael Jackson,https://sc.wikipedia.org/wiki/Michael_Jackson
Q236,sc,Montenegro,https://sc.wikipedia.org/wiki/Montenegro
Q29364,sc,Montgomery (Alabama),https://sc.wikipedia.org/wiki/Montgomery_(Alabama)
Q26426,sc,Montpelier,https://sc.wikipedia.org/wiki/Montpelier
Q2634,sc,Nàpoli,https://sc.wikipedia.org/wiki/N%C3%A0poli
Q23441,sc,Octave Mirbeau,https://sc.wikipedia.org/wiki/Octave_Mirbeau
Q2656,sc,Palermo,https://sc.wikipedia.org/wiki/Palermo
Q220,sc,Roma,https://sc.wikipedia.org/wiki/Roma
Q218,sc,Romania,https://sc.wikipedia.org/wiki/Romania
Q2887,sc,Santiago (Cile),https://sc.wikipedia.org/wiki/Santiago_(Cile)
Q238,sc,Santu Marinu,https://sc.wikipedia.org/wiki/Santu_Marinu
Q2751,sc,Siena,https://sc.wikipedia.org/wiki/Siena
Q2,sc,Terra,https://sc.wikipedia.org/wiki/Terra
Q223495,sc,The Carpenters,https://sc.wikipedia.org/wiki/The_Carpenters
Q237,sc,Tzitade de su Vaticanu,https://sc.wikipedia.org/wiki/Tzitade_de_su_Vaticanu
Q28,sc,Ungheria,https://sc.wikipedia.org/wiki/Ungheria
Q26319,sc,Universidade Niccolò Cusano,https://sc.wikipedia.org/wiki/Universidade_Niccol%C3%B2_Cusano
Q2495760,sc,Universidade do Estado de Minas Gerais,https://sc.wikipedia.org/wiki/Universidade_do_Estado_de_Minas_Gerais
Q270,sc,Varsàvia,https://sc.wikipedia.org/wiki/Vars%C3%A0via
Q352,sc,Adolf Hitler,https://sc.wikipedia.org/wiki/Adolf_Hitler
Q399,sc,Armènia,https://sc.wikipedia.org/wiki/Arm%C3%A8nia
Q3863,sc,Asteròide,https://sc.wikipedia.org/wiki/Aster%C3%B2ide
Q333,sc,Astronomia,https://sc.wikipedia.org/wiki/Astronomia
Q408,sc,Austràlia,https://sc.wikipedia.org/wiki/Austr%C3%A0lia
Q3519,sc,Bari,https://sc.wikipedia.org/wiki/Bari
Q383541,sc,Basshunter,https://sc.wikipedia.org/wiki/Basshunter
Q31,sc,Bèlgiu,https://sc.wikipedia.org/wiki/B%C3%A8lgiu
Q35135,sc,Catalão,https://sc.wikipedia.org/wiki/Catal%C3%A3o
Q35,sc,Danimarca,https://sc.wikipedia.org/wiki/Danimarca
Q33,sc,Finlàndia,https://sc.wikipedia.org/wiki/Finl%C3%A0ndia
Q34,sc,Isvètzia,https://sc.wikipedia.org/wiki/Isv%C3%A8tzia
Q39,sc,Isvìtzera,https://sc.wikipedia.org/wiki/Isv%C3%ACtzera
Q38,sc,Itàlia,https://sc.wikipedia.org/wiki/It%C3%A0lia
Q34600,sc,Kyoto,https://sc.wikipedia.org/wiki/Kyoto
Q347,sc,Liechtenstein,https://sc.wikipedia.org/wiki/Liechtenstein
Q33000,sc,Limba de sos Sinnos Britànnica,https://sc.wikipedia.org/wiki/Limba_de_sos_Sinnos_Brit%C3%A0nnica
Q33302,sc,Limba de sos Sinnos Frantzesa,https://sc.wikipedia.org/wiki/Limba_de_sos_Sinnos_Frantzesa
Q375619,sc,Limba de sos Sinnos Italiana,https://sc.wikipedia.org/wiki/Limba_de_sos_Sinnos_Italiana
Q36239,sc,Limba de sos Sinnos Neozelandesa,https://sc.wikipedia.org/wiki/Limba_de_sos_Sinnos_Neozelandesa
Q33282,sc,Limba de sos Sinnos Tedesca,https://sc.wikipedia.org/wiki/Limba_de_sos_Sinnos_Tedesca
Q397,sc,Limba latina,https://sc.wikipedia.org/wiki/Limba_latina
Q33976,sc,Limba sarda,https://sc.wikipedia.org/wiki/Limba_sarda
Q37,sc,Lituània,https://sc.wikipedia.org/wiki/Litu%C3%A0nia
Q405,sc,Luna,https://sc.wikipedia.org/wiki/Luna
Q32,sc,Lussemburgu,https://sc.wikipedia.org/wiki/Lussemburgu
Q3847714,sc,Marianna Madia,https://sc.wikipedia.org/wiki/Marianna_Madia
Q332,sc,Netunu (praneta),https://sc.wikipedia.org/wiki/Netunu_(praneta)
Q33959,sc,Nitza,https://sc.wikipedia.org/wiki/Nitza
Q35109,sc,Noemi,https://sc.wikipedia.org/wiki/Noemi
Q34863,sc,Oklahoma City,https://sc.wikipedia.org/wiki/Oklahoma_City
Q4035,sc,Osasco (Sao Paulo),https://sc.wikipedia.org/wiki/Osasco_(Sao_Paulo)
Q36,sc,Polònia,https://sc.wikipedia.org/wiki/Pol%C3%B2nia
Q361,sc,Prima gherra mundiale,https://sc.wikipedia.org/wiki/Prima_gherra_mundiale
Q34001,sc,Roubaix,https://sc.wikipedia.org/wiki/Roubaix
Q30974,sc,Rouen,https://sc.wikipedia.org/wiki/Rouen
Q362,sc,Secunda gherra mundiale,https://sc.wikipedia.org/wiki/Secunda_gherra_mundiale
Q403,sc,Sèrbia,https://sc.wikipedia.org/wiki/S%C3%A8rbia
Q36198,sc,Sìligo,https://sc.wikipedia.org/wiki/S%C3%ACligo
Q33986,sc,Valparaiso,https://sc.wikipedia.org/wiki/Valparaiso
Q313,sc,Vènere (praneta),https://sc.wikipedia.org/wiki/V%C3%A8nere_(praneta)
Q40,sc,Àustria,https://sc.wikipedia.org/wiki/%C3%80ustria
Q3594268,sc,Šiprage,https://sc.wikipedia.org/wiki/%C5%A0iprage
Q5165,sc,1948,https://sc.wikipedia.org/wiki/1948
Q5253,sc,1958,https://sc.wikipedia.org/wiki/1958
Q5202,sc,Almazán,https://sc.wikipedia.org/wiki/Almaz%C3%A1n
Q51,sc,Antàrticu,https://sc.wikipedia.org/wiki/Ant%C3%A0rticu
Q414,sc,Argentina,https://sc.wikipedia.org/wiki/Argentina
Q4604,sc,Confutziu,https://sc.wikipedia.org/wiki/Confutziu
Q4617,sc,Corbin Bleu,https://sc.wikipedia.org/wiki/Corbin_Bleu
Q4361,sc,Curitiba,https://sc.wikipedia.org/wiki/Curitiba
Q5105,sc,Cèline Dion,https://sc.wikipedia.org/wiki/C%C3%A8line_Dion
Q43387,sc,Edirne,https://sc.wikipedia.org/wiki/Edirne
Q5292,sc,Enciclopedia,https://sc.wikipedia.org/wiki/Enciclopedia
Q46,sc,Europa,https://sc.wikipedia.org/wiki/Europa
Q413,sc,Fìsica,https://sc.wikipedia.org/wiki/F%C3%ACsica
Q469925,sc,Ghil'ad Zuckermann,https://sc.wikipedia.org/wiki/Ghil%27ad_Zuckermann
Q41,sc,Grèghia,https://sc.wikipedia.org/wiki/Gr%C3%A8ghia
Q4414537,sc,Guillermo Lasso,https://sc.wikipedia.org/wiki/Guillermo_Lasso
Q5208,sc,Huang Xianfan,https://sc.wikipedia.org/wiki/Huang_Xianfan
Q4842556,sc,Instituto Federal da Bahia,https://sc.wikipedia.org/wiki/Instituto_Federal_da_Bahia
Q432,sc,Islam,https://sc.wikipedia.org/wiki/Islam
Q5146,sc,Limba portughesa,https://sc.wikipedia.org/wiki/Limba_portughesa
Q4918,sc,Mare Mediterràneu,https://sc.wikipedia.org/wiki/Mare_Mediterr%C3%A0neu
Q4616,sc,Marilyn Monroe,https://sc.wikipedia.org/wiki/Marilyn_Monroe
Q490,sc,Milanu,https://sc.wikipedia.org/wiki/Milanu
Q517,sc,Napoleone Bonaparte,https://sc.wikipedia.org/wiki/Napoleone_Bonaparte
Q507595,sc,Nichi Vendola,https://sc.wikipedia.org/wiki/Nichi_Vendola
Q55643,sc,Otzeània,https://sc.wikipedia.org/wiki/Otze%C3%A0nia
Q450675,sc,Paba Frantziscu,https://sc.wikipedia.org/wiki/Paba_Frantziscu
Q55,sc,Paisos Bàscios,https://sc.wikipedia.org/wiki/Paisos_B%C3%A0scios
Q473466,sc,Paramore,https://sc.wikipedia.org/wiki/Paramore
Q45,sc,Portugallu,https://sc.wikipedia.org/wiki/Portugallu
Q544,sc,Sistema solari,https://sc.wikipedia.org/wiki/Sistema_solari
Q525,sc,Sole,https://sc.wikipedia.org/wiki/Sole
Q4688112,sc,Sung Jae-gi,https://sc.wikipedia.org/wiki/Sung_Jae-gi
Q495,sc,Torinu,https://sc.wikipedia.org/wiki/Torinu
Q43,sc,Turkia,https://sc.wikipedia.org/wiki/Turkia
Q5582,sc,Vincent van Gogh,https://sc.wikipedia.org/wiki/Vincent_van_Gogh
Q52,sc,Wikipedia,https://sc.wikipedia.org/wiki/Wikipedia
Q48,sc,Àsia,https://sc.wikipedia.org/wiki/%C3%80sia
Q577,sc,Annu,https://sc.wikipedia.org/wiki/Annu
Q628,sc,Bergamo,https://sc.wikipedia.org/wiki/Bergamo
Q6221,sc,Brescia,https://sc.wikipedia.org/wiki/Brescia
Q6105,sc,Hebe Camargo,https://sc.wikipedia.org/wiki/Hebe_Camargo
Q561147,sc,Joan Fuster,https://sc.wikipedia.org/wiki/Joan_Fuster
Q6279,sc,Joe Biden,https://sc.wikipedia.org/wiki/Joe_Biden
Q6247,sc,Màntua,https://sc.wikipedia.org/wiki/M%C3%A0ntua
Q60,sc,Noa York,https://sc.wikipedia.org/wiki/Noa_York
Q634,sc,Praneta,https://sc.wikipedia.org/wiki/Praneta
Q6285,sc,Varese,https://sc.wikipedia.org/wiki/Varese
Q7640,sc,1846,https://sc.wikipedia.org/wiki/1846
Q727,sc,Amsterdam,https://sc.wikipedia.org/wiki/Amsterdam
Q78516,sc,Anna Netrebko,https://sc.wikipedia.org/wiki/Anna_Netrebko
Q76,sc,Barack Obama,https://sc.wikipedia.org/wiki/Barack_Obama
Q64,sc,Berlinu,https://sc.wikipedia.org/wiki/Berlinu
Q756916,sc,Centro Federal de Educação Tecnológica Celso Suckow da Fonseca,https://sc.wikipedia.org/wiki/Centro_Federal_de_Educa%C3%A7%C3%A3o_Tecnol%C3%B3gica_Celso_Suckow_da_Fonseca
Q739,sc,Colòmbia,https://sc.wikipedia.org/wiki/Col%C3%B2mbia
Q83285,sc,Durrës,https://sc.wikipedia.org/wiki/Durr%C3%ABs
Q764,sc,Fungi,https://sc.wikipedia.org/wiki/Fungi
Q8676,sc,Gherra tzivile americana,https://sc.wikipedia.org/wiki/Gherra_tzivile_americana
Q794,sc,Iran,https://sc.wikipedia.org/wiki/Iran
Q855,sc,Josef Stalin,https://sc.wikipedia.org/wiki/Josef_Stalin
Q762,sc,Leonardo da Vinci,https://sc.wikipedia.org/wiki/Leonardo_da_Vinci
Q7026,sc,Limba cadelana,https://sc.wikipedia.org/wiki/Limba_cadelana
Q652,sc,Limba italiana,https://sc.wikipedia.org/wiki/Limba_italiana
Q809,sc,Limba polonesa,https://sc.wikipedia.org/wiki/Limba_polonesa
Q7737,sc,Limba russa,https://sc.wikipedia.org/wiki/Limba_russa
Q8409,sc,Lisandru Mannu,https://sc.wikipedia.org/wiki/Lisandru_Mannu
Q84,sc,Londra,https://sc.wikipedia.org/wiki/Londra
Q65,sc,Los Angeles,https://sc.wikipedia.org/wiki/Los_Angeles
Q649,sc,Mosca,https://sc.wikipedia.org/wiki/Mosca
Q8023,sc,Nelson Mandela,https://sc.wikipedia.org/wiki/Nelson_Mandela
Q664,sc,Noa Zelanda,https://sc.wikipedia.org/wiki/Noa_Zelanda
Q787,sc,Porcu,https://sc.wikipedia.org/wiki/Porcu
Q8678,sc,Rio de Janeiro,https://sc.wikipedia.org/wiki/Rio_de_Janeiro
Q83338,sc,Robin Williams,https://sc.wikipedia.org/wiki/Robin_Williams
Q7944,sc,Terremotu,https://sc.wikipedia.org/wiki/Terremotu
Q641,sc,Venetzia,https://sc.wikipedia.org/wiki/Venetzia
Q717,sc,Venezuela,https://sc.wikipedia.org/wiki/Venezuela
Q849751,sc,York University,https://sc.wikipedia.org/wiki/York_University
Q668,sc,Ìndia,https://sc.wikipedia.org/wiki/%C3%8Cndia
Q9022,sc,Guadalajara,https://sc.wikipedia.org/wiki/Guadalajara
Q96,sc,Mèssicu,https://sc.wikipedia.org/wiki/M%C3%A8ssicu
Q97,sc,Otzèanu Atlànticu,https://sc.wikipedia.org/wiki/Otz%C3%A8anu_Atl%C3%A0nticu
Q90,sc,Parigi,https://sc.wikipedia.org/wiki/Parigi
Q9960,sc,Ronald Reagan,https://sc.wikipedia.org/wiki/Ronald_Reagan
Q881,sc,Vietnam,https://sc.wikipedia.org/wiki/Vietnam
Q9121,sc,Àtomu,https://sc.wikipedia.org/wiki/%C3%80tomu
Q1284,pms,Abruss,https://pms.wikipedia.org/wiki/Abruss
Q1199,pms,Assia,https://pms.wikipedia.org/wiki/Assia
Q118,pms,Avril (mèis),https://pms.wikipedia.org/wiki/Avril_(m%C3%A8is)
Q13496,pms,Brìndisi,https://pms.wikipedia.org/wiki/Br%C3%ACndisi
Q13680,pms,Caltanissëtta,https://pms.wikipedia.org/wiki/Caltaniss%C3%ABtta
Q1072,pms,Cheur,https://pms.wikipedia.org/wiki/Cheur
Q1297,pms,Chicago,https://pms.wikipedia.org/wiki/Chicago
Q116341,pms,Còriza,https://pms.wikipedia.org/wiki/C%C3%B2riza
Q1067,pms,Dante Alighieri,https://pms.wikipedia.org/wiki/Dante_Alighieri
Q126,pms,Dzèmber,https://pms.wikipedia.org/wiki/Dz%C3%A8mber
Q114257,pms,Elbasan,https://pms.wikipedia.org/wiki/Elbasan
Q1263,pms,Emilia-Romagna,https://pms.wikipedia.org/wiki/Emilia-Romagna
Q1250,pms,Friul-Venessia Giulia,https://pms.wikipedia.org/wiki/Friul-Venessia_Giulia
Q109,pms,Fërvé,https://pms.wikipedia.org/wiki/F%C3%ABrv%C3%A9
Q108,pms,Gené (mèis),https://pms.wikipedia.org/wiki/Gen%C3%A9_(m%C3%A8is)
Q120,pms,Giugn,https://pms.wikipedia.org/wiki/Giugn
Q1282,pms,Lassio,https://pms.wikipedia.org/wiki/Lassio
Q1321,pms,Lenga spagneula,https://pms.wikipedia.org/wiki/Lenga_spagneula
Q1256,pms,Liguria,https://pms.wikipedia.org/wiki/Liguria
Q1210,pms,Lombardìa,https://pms.wikipedia.org/wiki/Lombard%C3%ACa
Q13373,pms,Luca,https://pms.wikipedia.org/wiki/Luca
Q121,pms,Luj,https://pms.wikipedia.org/wiki/Luj
Q105,pms,Lùn-es,https://pms.wikipedia.org/wiki/L%C3%B9n-es
Q119,pms,Magg,https://pms.wikipedia.org/wiki/Magg
Q1279,pms,Marche,https://pms.wikipedia.org/wiki/Marche
Q110,pms,Mars (mèis),https://pms.wikipedia.org/wiki/Mars_(m%C3%A8is)
Q111,pms,Mart (pianeta),https://pms.wikipedia.org/wiki/Mart_(pianeta)
Q13666,pms,Messin-a,https://pms.wikipedia.org/wiki/Messin-a
Q127,pms,Màrtes,https://pms.wikipedia.org/wiki/M%C3%A0rtes
Q125,pms,Novèmber,https://pms.wikipedia.org/wiki/Nov%C3%A8mber
Q1065,pms,Organisassion dle Nassion Unìe,https://pms.wikipedia.org/wiki/Organisassion_dle_Nassion_Un%C3%ACe
Q122,pms,Ost,https://pms.wikipedia.org/wiki/Ost
Q124,pms,Otóber,https://pms.wikipedia.org/wiki/Ot%C3%B3ber
Q1216,pms,Piemont,https://pms.wikipedia.org/wiki/Piemont
Q13375,pms,Pisa,https://pms.wikipedia.org/wiki/Pisa
Q1085,pms,Praga,https://pms.wikipedia.org/wiki/Praga
Q11860,pms,Silvio Berlusconi,https://pms.wikipedia.org/wiki/Silvio_Berlusconi
Q123,pms,Stèmber,https://pms.wikipedia.org/wiki/St%C3%A8mber
Q13629,pms,Sàssari,https://pms.wikipedia.org/wiki/S%C3%A0ssari
Q1299,pms,The Beatles,https://pms.wikipedia.org/wiki/The_Beatles
Q1273,pms,Toscan-a,https://pms.wikipedia.org/wiki/Toscan-a
Q1404,pms,Uetersen,https://pms.wikipedia.org/wiki/Uetersen
Q1280,pms,Umbria,https://pms.wikipedia.org/wiki/Umbria
Q132140,pms,Università ëd Minas Gerais,https://pms.wikipedia.org/wiki/Universit%C3%A0_%C3%ABd_Minas_Gerais
Q1243,pms,Véneto,https://pms.wikipedia.org/wiki/V%C3%A9neto
Q173,pms,Alabama,https://pms.wikipedia.org/wiki/Alabama
Q173690,pms,Argiròcastro,https://pms.wikipedia.org/wiki/Argir%C3%B2castro
Q1492,pms,Barslon-a,https://pms.wikipedia.org/wiki/Barslon-a
Q1452,pms,Basilicà,https://pms.wikipedia.org/wiki/Basilic%C3%A0
Q170244,pms,Berat,https://pms.wikipedia.org/wiki/Berat
Q1479,pms,Bordò,https://pms.wikipedia.org/wiki/Bord%C3%B2
Q155,pms,Brasil,https://pms.wikipedia.org/wiki/Brasil
Q1486,pms,Buenos Aires,https://pms.wikipedia.org/wiki/Buenos_Aires
Q1458,pms,Calabria,https://pms.wikipedia.org/wiki/Calabria
Q1438,pms,Campania,https://pms.wikipedia.org/wiki/Campania
Q16,pms,Canadà,https://pms.wikipedia.org/wiki/Canad%C3%A0
Q159106,pms,Centro Federal de Educação Tecnológica de Minas Gerais,https://pms.wikipedia.org/wiki/Centro_Federal_de_Educa%C3%A7%C3%A3o_Tecnol%C3%B3gica_de_Minas_Gerais
Q148,pms,Cin-a,https://pms.wikipedia.org/wiki/Cin-a
Q1748,pms,Copenàghen,https://pms.wikipedia.org/wiki/Copen%C3%A0ghen
Q142,pms,Fransa,https://pms.wikipedia.org/wiki/Fransa
Q157,pms,François Hollande,https://pms.wikipedia.org/wiki/Fran%C3%A7ois_Hollande
Q1449,pms,Génoa,https://pms.wikipedia.org/wiki/G%C3%A9noa
Q14759,pms,Lenga dij segn american-a,https://pms.wikipedia.org/wiki/Lenga_dij_segn_american-a
Q150,pms,Lenga fransèisa,https://pms.wikipedia.org/wiki/Lenga_frans%C3%A8isa
Q15085,pms,Lenga piemontèisa,https://pms.wikipedia.org/wiki/Lenga_piemont%C3%A8isa
Q165,pms,Mar,https://pms.wikipedia.org/wiki/Mar
Q15143059,pms,Maria Elena Boschi,https://pms.wikipedia.org/wiki/Maria_Elena_Boschi
Q1494,pms,Mississippi,https://pms.wikipedia.org/wiki/Mississippi
Q1443,pms,Molise,https://pms.wikipedia.org/wiki/Molise
Q1726,pms,Mùnich,https://pms.wikipedia.org/wiki/M%C3%B9nich
Q1408,pms,New Jersey,https://pms.wikipedia.org/wiki/New_Jersey
Q1447,pms,Pulia,https://pms.wikipedia.org/wiki/Pulia
Q15862,pms,Queen,https://pms.wikipedia.org/wiki/Queen
Q145,pms,Regn Unì,https://pms.wikipedia.org/wiki/Regn_Un%C3%AC
Q159,pms,Russia,https://pms.wikipedia.org/wiki/Russia
Q174,pms,San Pàul ëd Brasil,https://pms.wikipedia.org/wiki/San_P%C3%A0ul_%C3%ABd_Brasil
Q1462,pms,Sardëgna,https://pms.wikipedia.org/wiki/Sard%C3%ABgna
Q1460,pms,Sicilia,https://pms.wikipedia.org/wiki/Sicilia
Q1489,pms,Sità dël Méssich,https://pms.wikipedia.org/wiki/Sit%C3%A0_d%C3%ABl_M%C3%A9ssich
Q1490,pms,Tokyo,https://pms.wikipedia.org/wiki/Tokyo
Q159102,pms,Università ëd Bahia,https://pms.wikipedia.org/wiki/Universit%C3%A0_%C3%ABd_Bahia
Q156406,pms,Università ëd Feira de Santana,https://pms.wikipedia.org/wiki/Universit%C3%A0_%C3%ABd_Feira_de_Santana
Q159610,pms,Valona,https://pms.wikipedia.org/wiki/Valona
Q15,pms,Àfrica,https://pms.wikipedia.org/wiki/%C3%80frica
Q2035,pms,1901,https://pms.wikipedia.org/wiki/1901
Q2057,pms,1909,https://pms.wikipedia.org/wiki/1909
Q2155,pms,1920,https://pms.wikipedia.org/wiki/1920
Q2162,pms,1921,https://pms.wikipedia.org/wiki/1921
Q19715,pms,1928,https://pms.wikipedia.org/wiki/1928
Q2070,pms,1996,https://pms.wikipedia.org/wiki/1996
Q2091,pms,1999,https://pms.wikipedia.org/wiki/1999
Q1988,pms,2001,https://pms.wikipedia.org/wiki/2001
Q1987,pms,2002,https://pms.wikipedia.org/wiki/2002
Q1986,pms,2003,https://pms.wikipedia.org/wiki/2003
Q2014,pms,2004,https://pms.wikipedia.org/wiki/2004
Q2019,pms,2005,https://pms.wikipedia.org/wiki/2005
Q2021,pms,2006,https://pms.wikipedia.org/wiki/2006
Q2024,pms,2007,https://pms.wikipedia.org/wiki/2007
Q2004,pms,2008,https://pms.wikipedia.org/wiki/2008
Q1996,pms,2009,https://pms.wikipedia.org/wiki/2009
Q1995,pms,2010,https://pms.wikipedia.org/wiki/2010
Q18400,pms,Alatri,https://pms.wikipedia.org/wiki/Alatri
Q183,pms,Almagna,https://pms.wikipedia.org/wiki/Almagna
Q21198,pms,Anformàtica,https://pms.wikipedia.org/wiki/Anform%C3%A0tica
Q1845,pms,Bibia,https://pms.wikipedia.org/wiki/Bibia
Q184,pms,Bielorussia,https://pms.wikipedia.org/wiki/Bielorussia
Q1891,pms,Bològna,https://pms.wikipedia.org/wiki/Bol%C3%B2gna
Q1903,pms,Catania,https://pms.wikipedia.org/wiki/Catania
Q1880,pms,Concepción,https://pms.wikipedia.org/wiki/Concepci%C3%B3n
Q188500,pms,Elisha Cuthbert,https://pms.wikipedia.org/wiki/Elisha_Cuthbert
Q191,pms,Estònia,https://pms.wikipedia.org/wiki/Est%C3%B2nia
Q190897,pms,Fier,https://pms.wikipedia.org/wiki/Fier
Q2044,pms,Firense,https://pms.wikipedia.org/wiki/Firense
Q1794,pms,Franchfort sël Men,https://pms.wikipedia.org/wiki/Franchfort_s%C3%ABl_Men
Q17,pms,Giapon,https://pms.wikipedia.org/wiki/Giapon
Q189,pms,Islanda,https://pms.wikipedia.org/wiki/Islanda
Q1959,pms,Końskowola,https://pms.wikipedia.org/wiki/Ko%C5%84skowola
Q210197,pms,Kukës,https://pms.wikipedia.org/wiki/Kuk%C3%ABs
Q1859,pms,La Vera Cesa ëd Gesù,https://pms.wikipedia.org/wiki/La_Vera_Cesa_%C3%ABd_Ges%C3%B9
Q1860,pms,Lenga anglèisa,https://pms.wikipedia.org/wiki/Lenga_angl%C3%A8isa
Q188,pms,Lenga tedësca,https://pms.wikipedia.org/wiki/Lenga_ted%C3%ABsca
Q19814,pms,Lenghe romanze,https://pms.wikipedia.org/wiki/Lenghe_romanze
Q19697,pms,Motörhead,https://pms.wikipedia.org/wiki/Mot%C3%B6rhead
Q217096,pms,Naruhito,https://pms.wikipedia.org/wiki/Naruhito
Q20,pms,Norvegia,https://pms.wikipedia.org/wiki/Norvegia
Q176,pms,Québec,https://pms.wikipedia.org/wiki/Qu%C3%A9bec
Q19581,pms,Rafael Correa,https://pms.wikipedia.org/wiki/Rafael_Correa
Q213,pms,Repùblica Ceca,https://pms.wikipedia.org/wiki/Rep%C3%B9blica_Ceca
Q18013,pms,Sacramento (Califòrnia),https://pms.wikipedia.org/wiki/Sacramento_(Calif%C3%B2rnia)
Q193,pms,Saturn (pianeta),https://pms.wikipedia.org/wiki/Saturn_(pianeta)
Q215,pms,Slovenia,https://pms.wikipedia.org/wiki/Slovenia
Q212,pms,Ucrain-a,https://pms.wikipedia.org/wiki/Ucrain-a
Q1877,pms,Đồng Hới,https://pms.wikipedia.org/wiki/%C4%90%E1%BB%93ng_H%E1%BB%9Bi
Q196163,pms,Łobez,https://pms.wikipedia.org/wiki/%C5%81obez
Q2479,pms,1975,https://pms.wikipedia.org/wiki/1975
Q2437,pms,1981,https://pms.wikipedia.org/wiki/1981
Q2436,pms,1982,https://pms.wikipedia.org/wiki/1982
Q2432,pms,1984,https://pms.wikipedia.org/wiki/1984
Q2431,pms,1985,https://pms.wikipedia.org/wiki/1985
Q2425,pms,1989,https://pms.wikipedia.org/wiki/1989
Q222,pms,Albanìa,https://pms.wikipedia.org/wiki/Alban%C3%ACa
Q228,pms,Andorra,https://pms.wikipedia.org/wiki/Andorra
Q21,pms,Anghiltèra,https://pms.wikipedia.org/wiki/Anghilt%C3%A8ra
Q227,pms,Aserbaigian,https://pms.wikipedia.org/wiki/Aserbaigian
Q2386011,pms,Bochotnica,https://pms.wikipedia.org/wiki/Bochotnica
Q2841,pms,Bogotà,https://pms.wikipedia.org/wiki/Bogot%C3%A0
Q2844,pms,Brasilia,https://pms.wikipedia.org/wiki/Brasilia
Q219,pms,Bulgarìa,https://pms.wikipedia.org/wiki/Bulgar%C3%ACa
Q225,pms,Bòsnia e Erzegòvina,https://pms.wikipedia.org/wiki/B%C3%B2snia_e_Erzeg%C3%B2vina
Q298,pms,Cile,https://pms.wikipedia.org/wiki/Cile
Q224,pms,Croassia,https://pms.wikipedia.org/wiki/Croassia
Q22686,pms,Donald Trump,https://pms.wikipedia.org/wiki/Donald_Trump
Q283,pms,Eva,https://pms.wikipedia.org/wiki/Eva
Q2736,pms,Fótbal,https://pms.wikipedia.org/wiki/F%C3%B3tbal
Q302,pms,Gesù ëd Nàsaret,https://pms.wikipedia.org/wiki/Ges%C3%B9_%C3%ABd_N%C3%A0saret
Q230,pms,Geòrgia,https://pms.wikipedia.org/wiki/Ge%C3%B2rgia
Q2316,pms,Kurów,https://pms.wikipedia.org/wiki/Kur%C3%B3w
Q233,pms,Malta,https://pms.wikipedia.org/wiki/Malta
Q308,pms,Mercuri (pianeta),https://pms.wikipedia.org/wiki/Mercuri_(pianeta)
Q2831,pms,Michael Jackson,https://pms.wikipedia.org/wiki/Michael_Jackson
Q29364,pms,Montgomery (Alabama),https://pms.wikipedia.org/wiki/Montgomery_(Alabama)
Q236,pms,Montnèigr,https://pms.wikipedia.org/wiki/Montn%C3%A8igr
Q26426,pms,Montpelier (Vermont),https://pms.wikipedia.org/wiki/Montpelier_(Vermont)
Q2634,pms,Nàpoli,https://pms.wikipedia.org/wiki/N%C3%A0poli
Q23441,pms,Octave Mirbeau,https://pms.wikipedia.org/wiki/Octave_Mirbeau
Q2656,pms,Palerm,https://pms.wikipedia.org/wiki/Palerm
Q23393,pms,Pare nòstr,https://pms.wikipedia.org/wiki/Pare_n%C3%B2str
Q238,pms,Repùblica ëd San Marin,https://pms.wikipedia.org/wiki/Rep%C3%B9blica_%C3%ABd_San_Marin
Q220,pms,Roma,https://pms.wikipedia.org/wiki/Roma
Q218,pms,Romanìa,https://pms.wikipedia.org/wiki/Roman%C3%ACa
Q2887,pms,Santiago dël Cile,https://pms.wikipedia.org/wiki/Santiago_d%C3%ABl_Cile
Q2751,pms,Sien-a,https://pms.wikipedia.org/wiki/Sien-a
Q237,pms,Sità dël Vatican,https://pms.wikipedia.org/wiki/Sit%C3%A0_d%C3%ABl_Vatican
Q29,pms,Spagna,https://pms.wikipedia.org/wiki/Spagna
Q30,pms,Stat Unì d'América,https://pms.wikipedia.org/wiki/Stat_Un%C3%AC_d%27Am%C3%A9rica
Q309,pms,Stòria,https://pms.wikipedia.org/wiki/St%C3%B2ria
Q223495,pms,The Carpenters,https://pms.wikipedia.org/wiki/The_Carpenters
Q2,pms,Tèra (pianeta),https://pms.wikipedia.org/wiki/T%C3%A8ra_(pianeta)
Q28,pms,Ungherìa,https://pms.wikipedia.org/wiki/Ungher%C3%ACa
Q2495760,pms,Universidade do Estado de Minas Gerais,https://pms.wikipedia.org/wiki/Universidade_do_Estado_de_Minas_Gerais
Q26319,pms,Università Niccolò Cusano,https://pms.wikipedia.org/wiki/Universit%C3%A0_Niccol%C3%B2_Cusano
Q270,pms,Varsavia,https://pms.wikipedia.org/wiki/Varsavia
Q352,pms,Adolf Hitler,https://pms.wikipedia.org/wiki/Adolf_Hitler
Q399,pms,Armenia,https://pms.wikipedia.org/wiki/Armenia
Q3863,pms,Asteròid,https://pms.wikipedia.org/wiki/Aster%C3%B2id
Q333,pms,Astronomìa,https://pms.wikipedia.org/wiki/Astronom%C3%ACa
Q408,pms,Australia,https://pms.wikipedia.org/wiki/Australia
Q3519,pms,Bari,https://pms.wikipedia.org/wiki/Bari
Q383541,pms,Basshunter,https://pms.wikipedia.org/wiki/Basshunter
Q31,pms,Belgi,https://pms.wikipedia.org/wiki/Belgi
Q35135,pms,Catalão,https://pms.wikipedia.org/wiki/Catal%C3%A3o
Q35,pms,Danimarca,https://pms.wikipedia.org/wiki/Danimarca
Q33,pms,Finlandia,https://pms.wikipedia.org/wiki/Finlandia
Q38,pms,Italia,https://pms.wikipedia.org/wiki/Italia
Q34600,pms,Kyōto,https://pms.wikipedia.org/wiki/Ky%C5%8Dto
Q33000,pms,Lenga dij segn britànica,https://pms.wikipedia.org/wiki/Lenga_dij_segn_brit%C3%A0nica
Q36239,pms,Lenga dij segn dla Neuva Zelanda,https://pms.wikipedia.org/wiki/Lenga_dij_segn_dla_Neuva_Zelanda
Q33302,pms,Lenga dij segn fransèisa,https://pms.wikipedia.org/wiki/Lenga_dij_segn_frans%C3%A8isa
Q375619,pms,Lenga dij segn italian-a,https://pms.wikipedia.org/wiki/Lenga_dij_segn_italian-a
Q33282,pms,Lenga dij segn tedesca,https://pms.wikipedia.org/wiki/Lenga_dij_segn_tedesca
Q397,pms,Lenga latin-a,https://pms.wikipedia.org/wiki/Lenga_latin-a
Q33976,pms,Lenga sarda,https://pms.wikipedia.org/wiki/Lenga_sarda
Q347,pms,Liechtenstein,https://pms.wikipedia.org/wiki/Liechtenstein
Q37,pms,Lituania,https://pms.wikipedia.org/wiki/Lituania
Q405,pms,Lun-a,https://pms.wikipedia.org/wiki/Lun-a
Q32,pms,Lussemborgh,https://pms.wikipedia.org/wiki/Lussemborgh
Q3847714,pms,Marianna Madia,https://pms.wikipedia.org/wiki/Marianna_Madia
Q332,pms,Netun (pianeta),https://pms.wikipedia.org/wiki/Netun_(pianeta)
Q33959,pms,Nissa Marìtima,https://pms.wikipedia.org/wiki/Nissa_Mar%C3%ACtima
Q35109,pms,Noemi,https://pms.wikipedia.org/wiki/Noemi
Q34863,pms,Oklahoma City,https://pms.wikipedia.org/wiki/Oklahoma_City
Q4035,pms,Osasch (San Pàul),https://pms.wikipedia.org/wiki/Osasch_(San_P%C3%A0ul)
Q36,pms,Polònia,https://pms.wikipedia.org/wiki/Pol%C3%B2nia
Q361,pms,Prima guèra mondial,https://pms.wikipedia.org/wiki/Prima_gu%C3%A8ra_mondial
Q34001,pms,Roubaix,https://pms.wikipedia.org/wiki/Roubaix
Q30974,pms,Rouen,https://pms.wikipedia.org/wiki/Rouen
Q362,pms,Sconda guèra mondial,https://pms.wikipedia.org/wiki/Sconda_gu%C3%A8ra_mondial
Q403,pms,Serbia,https://pms.wikipedia.org/wiki/Serbia
Q36198,pms,Siligo,https://pms.wikipedia.org/wiki/Siligo
Q34,pms,Svessia,https://pms.wikipedia.org/wiki/Svessia
Q39,pms,Svìssera,https://pms.wikipedia.org/wiki/Sv%C3%ACssera
Q33986,pms,Valparaíso,https://pms.wikipedia.org/wiki/Valpara%C3%ADso
Q313,pms,Vénere,https://pms.wikipedia.org/wiki/V%C3%A9nere
Q40,pms,Àustria,https://pms.wikipedia.org/wiki/%C3%80ustria
Q3594268,pms,Šiprage,https://pms.wikipedia.org/wiki/%C5%A0iprage
Q5165,pms,1948,https://pms.wikipedia.org/wiki/1948
Q5253,pms,1958,https://pms.wikipedia.org/wiki/1958
Q5202,pms,Almazán,https://pms.wikipedia.org/wiki/Almaz%C3%A1n
Q51,pms,Antàrtide,https://pms.wikipedia.org/wiki/Ant%C3%A0rtide
Q414,pms,Argentin-a,https://pms.wikipedia.org/wiki/Argentin-a
Q48,pms,Asia,https://pms.wikipedia.org/wiki/Asia
Q4604,pms,Confucio,https://pms.wikipedia.org/wiki/Confucio
Q4617,pms,Corbin Bleu,https://pms.wikipedia.org/wiki/Corbin_Bleu
Q4361,pms,Curitiba,https://pms.wikipedia.org/wiki/Curitiba
Q5105,pms,Céline Dion,https://pms.wikipedia.org/wiki/C%C3%A9line_Dion
Q43387,pms,Edirne,https://pms.wikipedia.org/wiki/Edirne
Q5292,pms,Ensiclopedia,https://pms.wikipedia.org/wiki/Ensiclopedia
Q46,pms,Euròpa,https://pms.wikipedia.org/wiki/Eur%C3%B2pa
Q450675,pms,Fransesch (vësco ëd Roma),https://pms.wikipedia.org/wiki/Fransesch_(v%C3%ABsco_%C3%ABd_Roma)
Q413,pms,Fìsica,https://pms.wikipedia.org/wiki/F%C3%ACsica
Q469925,pms,Ghil'ad Zuckermann,https://pms.wikipedia.org/wiki/Ghil%27ad_Zuckermann
Q41,pms,Grecia,https://pms.wikipedia.org/wiki/Grecia
Q4414537,pms,Guillermo Lasso,https://pms.wikipedia.org/wiki/Guillermo_Lasso
Q5208,pms,Huang Xianfan,https://pms.wikipedia.org/wiki/Huang_Xianfan
Q4842556,pms,Instituto Federal da Bahia,https://pms.wikipedia.org/wiki/Instituto_Federal_da_Bahia
Q432,pms,Islam,https://pms.wikipedia.org/wiki/Islam
Q5146,pms,Lenga portughèisa,https://pms.wikipedia.org/wiki/Lenga_portugh%C3%A8isa
Q4918,pms,Mar Mediterani,https://pms.wikipedia.org/wiki/Mar_Mediterani
Q4616,pms,Marilyn Monroe,https://pms.wikipedia.org/wiki/Marilyn_Monroe
Q490,pms,Milan,https://pms.wikipedia.org/wiki/Milan
Q517,pms,Napoleon Bon-a-part,https://pms.wikipedia.org/wiki/Napoleon_Bon-a-part
Q507595,pms,Nichi Vendola,https://pms.wikipedia.org/wiki/Nichi_Vendola
Q55643,pms,Osseania,https://pms.wikipedia.org/wiki/Osseania
Q55,pms,Pais Bass,https://pms.wikipedia.org/wiki/Pais_Bass
Q473466,pms,Paramore,https://pms.wikipedia.org/wiki/Paramore
Q45,pms,Portugal,https://pms.wikipedia.org/wiki/Portugal
Q544,pms,Sistema solar,https://pms.wikipedia.org/wiki/Sistema_solar
Q525,pms,Sol,https://pms.wikipedia.org/wiki/Sol
Q4688112,pms,Sung Jae-ki,https://pms.wikipedia.org/wiki/Sung_Jae-ki
Q43,pms,Turchìa,https://pms.wikipedia.org/wiki/Turch%C3%ACa
Q495,pms,Turin,https://pms.wikipedia.org/wiki/Turin
Q5582,pms,Vincent van Gogh,https://pms.wikipedia.org/wiki/Vincent_van_Gogh
Q52,pms,Wikipedia,https://pms.wikipedia.org/wiki/Wikipedia
Q577,pms,Ann,https://pms.wikipedia.org/wiki/Ann
Q6221,pms,Bressia,https://pms.wikipedia.org/wiki/Bressia
Q628,pms,Bérghem,https://pms.wikipedia.org/wiki/B%C3%A9rghem
Q6105,pms,Hebe Camargo,https://pms.wikipedia.org/wiki/Hebe_Camargo
Q561147,pms,Joan Fuster,https://pms.wikipedia.org/wiki/Joan_Fuster
Q6279,pms,Joe Biden,https://pms.wikipedia.org/wiki/Joe_Biden
Q6247,pms,Màntoa,https://pms.wikipedia.org/wiki/M%C3%A0ntoa
Q60,pms,New York,https://pms.wikipedia.org/wiki/New_York
Q634,pms,Pianeta,https://pms.wikipedia.org/wiki/Pianeta
Q6285,pms,Varèis,https://pms.wikipedia.org/wiki/Var%C3%A8is
Q7640,pms,1846,https://pms.wikipedia.org/wiki/1846
Q78516,pms,Anna Netrebko,https://pms.wikipedia.org/wiki/Anna_Netrebko
Q76,pms,Barack Obama,https://pms.wikipedia.org/wiki/Barack_Obama
Q64,pms,Berlin,https://pms.wikipedia.org/wiki/Berlin
Q739,pms,Colombia,https://pms.wikipedia.org/wiki/Colombia
Q787,pms,Crin,https://pms.wikipedia.org/wiki/Crin
Q83285,pms,Durass,https://pms.wikipedia.org/wiki/Durass
Q764,pms,Fonz,https://pms.wikipedia.org/wiki/Fonz
Q8676,pms,Guèra sivil american-a,https://pms.wikipedia.org/wiki/Gu%C3%A8ra_sivil_american-a
Q668,pms,India,https://pms.wikipedia.org/wiki/India
Q794,pms,Iran,https://pms.wikipedia.org/wiki/Iran
Q855,pms,Josif Stalin,https://pms.wikipedia.org/wiki/Josif_Stalin
Q7026,pms,Lenga catalan-a,https://pms.wikipedia.org/wiki/Lenga_catalan-a
Q652,pms,Lenga italian-a,https://pms.wikipedia.org/wiki/Lenga_italian-a
Q809,pms,Lenga polonèisa,https://pms.wikipedia.org/wiki/Lenga_polon%C3%A8isa
Q7737,pms,Lenga russa,https://pms.wikipedia.org/wiki/Lenga_russa
Q762,pms,Leonard da Vinci,https://pms.wikipedia.org/wiki/Leonard_da_Vinci
Q8409,pms,Lissànder III ëd Macedònia,https://pms.wikipedia.org/wiki/Liss%C3%A0nder_III_%C3%ABd_Maced%C3%B2nia
Q84,pms,Londra,https://pms.wikipedia.org/wiki/Londra
Q65,pms,Los Angeles,https://pms.wikipedia.org/wiki/Los_Angeles
Q649,pms,Mosca,https://pms.wikipedia.org/wiki/Mosca
Q8023,pms,Nelson Mandela,https://pms.wikipedia.org/wiki/Nelson_Mandela
Q664,pms,Neuva Zelanda,https://pms.wikipedia.org/wiki/Neuva_Zelanda
Q8678,pms,Rio de Janeiro,https://pms.wikipedia.org/wiki/Rio_de_Janeiro
Q83338,pms,Robin Williams,https://pms.wikipedia.org/wiki/Robin_Williams
Q7944,pms,Teramòt,https://pms.wikipedia.org/wiki/Teram%C3%B2t
Q756916,pms,Università Celso Suckow da Fonseca,https://pms.wikipedia.org/wiki/Universit%C3%A0_Celso_Suckow_da_Fonseca
Q641,pms,Venessia,https://pms.wikipedia.org/wiki/Venessia
Q717,pms,Venessuela,https://pms.wikipedia.org/wiki/Venessuela
Q849751,pms,York University,https://pms.wikipedia.org/wiki/York_University
Q727,pms,Àmsterdam,https://pms.wikipedia.org/wiki/%C3%80msterdam
Q9022,pms,Guadalajara (sità),https://pms.wikipedia.org/wiki/Guadalajara_(sit%C3%A0)
Q96,pms,Méssich,https://pms.wikipedia.org/wiki/M%C3%A9ssich
Q97,pms,Océan Atlàntich,https://pms.wikipedia.org/wiki/Oc%C3%A9an_Atl%C3%A0ntich
Q90,pms,Paris,https://pms.wikipedia.org/wiki/Paris
Q9960,pms,Ronald Reagan,https://pms.wikipedia.org/wiki/Ronald_Reagan
Q881,pms,Vietnam,https://pms.wikipedia.org/wiki/Vietnam
Q9121,pms,Àtom,https://pms.wikipedia.org/wiki/%C3%80tom
Q1284,scn,Abbruzzu,https://scn.wikipedia.org/wiki/Abbruzzu
Q122,scn,Agustu,https://scn.wikipedia.org/wiki/Agustu
Q118,scn,Aprili,https://scn.wikipedia.org/wiki/Aprili
Q13496,scn,Brìndisi,https://scn.wikipedia.org/wiki/Br%C3%ACndisi
Q13680,scn,Cartanissetta,https://scn.wikipedia.org/wiki/Cartanissetta
Q1297,scn,Chicagu,https://scn.wikipedia.org/wiki/Chicagu
Q1072,scn,Cori,https://scn.wikipedia.org/wiki/Cori
Q116341,scn,Coriza,https://scn.wikipedia.org/wiki/Coriza
Q1067,scn,Danti Alighieri,https://scn.wikipedia.org/wiki/Danti_Alighieri
Q126,scn,Dicèmmiru,https://scn.wikipedia.org/wiki/Dic%C3%A8mmiru
Q114257,scn,Elbasan,https://scn.wikipedia.org/wiki/Elbasan
Q1263,scn,Emilia Rumagna,https://scn.wikipedia.org/wiki/Emilia_Rumagna
Q1250,scn,Friuli-Venezia Giulia,https://scn.wikipedia.org/wiki/Friuli-Venezia_Giulia
Q109,scn,Frivaru,https://scn.wikipedia.org/wiki/Frivaru
Q121,scn,Giugnettu,https://scn.wikipedia.org/wiki/Giugnettu
Q120,scn,Giugnu,https://scn.wikipedia.org/wiki/Giugnu
Q1199,scn,Hessen,https://scn.wikipedia.org/wiki/Hessen
Q108,scn,Jinnaru,https://scn.wikipedia.org/wiki/Jinnaru
Q1282,scn,Lazziu,https://scn.wikipedia.org/wiki/Lazziu
Q1256,scn,Liguria,https://scn.wikipedia.org/wiki/Liguria
Q1321,scn,Lingua spagnola,https://scn.wikipedia.org/wiki/Lingua_spagnola
Q13373,scn,Lucca,https://scn.wikipedia.org/wiki/Lucca
Q1210,scn,Lummardìa,https://scn.wikipedia.org/wiki/Lummard%C3%ACa
Q105,scn,Lunidìa,https://scn.wikipedia.org/wiki/Lunid%C3%ACa
Q119,scn,Maju,https://scn.wikipedia.org/wiki/Maju
Q1279,scn,Marchi,https://scn.wikipedia.org/wiki/Marchi
Q111,scn,Marti (pianeta),https://scn.wikipedia.org/wiki/Marti_(pianeta)
Q110,scn,Marzu,https://scn.wikipedia.org/wiki/Marzu
Q13666,scn,Missina,https://scn.wikipedia.org/wiki/Missina
Q127,scn,Màrtiri,https://scn.wikipedia.org/wiki/M%C3%A0rtiri
Q1065,scn,Nazzioni Uniti,https://scn.wikipedia.org/wiki/Nazzioni_Uniti
Q125,scn,Nuvèmmiru,https://scn.wikipedia.org/wiki/Nuv%C3%A8mmiru
Q1216,scn,Piemunti,https://scn.wikipedia.org/wiki/Piemunti
Q13375,scn,Pisa,https://scn.wikipedia.org/wiki/Pisa
Q1085,scn,Praga,https://scn.wikipedia.org/wiki/Praga
Q11860,scn,Silviu Berlusconi,https://scn.wikipedia.org/wiki/Silviu_Berlusconi
Q123,scn,Sittèmmiru,https://scn.wikipedia.org/wiki/Sitt%C3%A8mmiru
Q13629,scn,Sàssari,https://scn.wikipedia.org/wiki/S%C3%A0ssari
Q1299,scn,The Beatles,https://scn.wikipedia.org/wiki/The_Beatles
Q1273,scn,Tuscana,https://scn.wikipedia.org/wiki/Tuscana
Q1404,scn,Uetersen,https://scn.wikipedia.org/wiki/Uetersen
Q1280,scn,Umbria,https://scn.wikipedia.org/wiki/Umbria
Q132140,scn,Universidade Federal de Minas Gerais,https://scn.wikipedia.org/wiki/Universidade_Federal_de_Minas_Gerais
Q124,scn,Uttùviru,https://scn.wikipedia.org/wiki/Utt%C3%B9viru
Q1243,scn,Vènitu,https://scn.wikipedia.org/wiki/V%C3%A8nitu
Q173,scn,Alabama,https://scn.wikipedia.org/wiki/Alabama
Q173690,scn,Argirocastru,https://scn.wikipedia.org/wiki/Argirocastru
Q1492,scn,Barcillona (Spagna),https://scn.wikipedia.org/wiki/Barcillona_(Spagna)
Q1452,scn,Basilicata,https://scn.wikipedia.org/wiki/Basilicata
Q170244,scn,Berat,https://scn.wikipedia.org/wiki/Berat
Q1479,scn,Bordeaux,https://scn.wikipedia.org/wiki/Bordeaux
Q155,scn,Brasili,https://scn.wikipedia.org/wiki/Brasili
Q1486,scn,Buenos Aires,https://scn.wikipedia.org/wiki/Buenos_Aires
Q1458,scn,Calabbria,https://scn.wikipedia.org/wiki/Calabbria
Q1438,scn,Campania,https://scn.wikipedia.org/wiki/Campania
Q16,scn,Canadà,https://scn.wikipedia.org/wiki/Canad%C3%A0
Q159106,scn,Centro Federal de Educação Tecnológica de Minas Gerais,https://scn.wikipedia.org/wiki/Centro_Federal_de_Educa%C3%A7%C3%A3o_Tecnol%C3%B3gica_de_Minas_Gerais
Q148,scn,Cina,https://scn.wikipedia.org/wiki/Cina
Q1489,scn,Cità dû Mèssicu,https://scn.wikipedia.org/wiki/Cit%C3%A0_d%C3%BB_M%C3%A8ssicu
Q1748,scn,Copenaghen,https://scn.wikipedia.org/wiki/Copenaghen
Q142,scn,Francia,https://scn.wikipedia.org/wiki/Francia
Q157,scn,François Hollande,https://scn.wikipedia.org/wiki/Fran%C3%A7ois_Hollande
Q1449,scn,Gènuva,https://scn.wikipedia.org/wiki/G%C3%A8nuva
Q14759,scn,Lingua dî Signa Miricana,https://scn.wikipedia.org/wiki/Lingua_d%C3%AE_Signa_Miricana
Q150,scn,Lingua francisa,https://scn.wikipedia.org/wiki/Lingua_francisa
Q15085,scn,Lingua piemuntisa,https://scn.wikipedia.org/wiki/Lingua_piemuntisa
Q165,scn,Mari,https://scn.wikipedia.org/wiki/Mari
Q15143059,scn,Maria Elena Boschi,https://scn.wikipedia.org/wiki/Maria_Elena_Boschi
Q1494,scn,Mississippi,https://scn.wikipedia.org/wiki/Mississippi
Q1443,scn,Mulisi,https://scn.wikipedia.org/wiki/Mulisi
Q1726,scn,Mònacu di Baviera,https://scn.wikipedia.org/wiki/M%C3%B2nacu_di_Baviera
Q1408,scn,New Jersey,https://scn.wikipedia.org/wiki/New_Jersey
Q1447,scn,Pugghia,https://scn.wikipedia.org/wiki/Pugghia
Q15862,scn,Queen (gruppu),https://scn.wikipedia.org/wiki/Queen_(gruppu)
Q145,scn,Regnu Unitu,https://scn.wikipedia.org/wiki/Regnu_Unitu
Q159,scn,Russia,https://scn.wikipedia.org/wiki/Russia
Q174,scn,San Paulu dû Brasili,https://scn.wikipedia.org/wiki/San_Paulu_d%C3%BB_Brasili
Q1462,scn,Sardigna,https://scn.wikipedia.org/wiki/Sardigna
Q1460,scn,Sicilia,https://scn.wikipedia.org/wiki/Sicilia
Q1490,scn,Tochiu,https://scn.wikipedia.org/wiki/Tochiu
Q156406,scn,Universidade Estadual de Feira de Santana,https://scn.wikipedia.org/wiki/Universidade_Estadual_de_Feira_de_Santana
Q159102,scn,Universidade Federal da Bahia,https://scn.wikipedia.org/wiki/Universidade_Federal_da_Bahia
Q159610,scn,Valona,https://scn.wikipedia.org/wiki/Valona
Q15,scn,Àfrica,https://scn.wikipedia.org/wiki/%C3%80frica
Q2035,scn,1901,https://scn.wikipedia.org/wiki/1901
Q2057,scn,1909,https://scn.wikipedia.org/wiki/1909
Q2155,scn,1920,https://scn.wikipedia.org/wiki/1920
Q2162,scn,1921,https://scn.wikipedia.org/wiki/1921
Q19715,scn,1928,https://scn.wikipedia.org/wiki/1928
Q2070,scn,1996,https://scn.wikipedia.org/wiki/1996
Q2091,scn,1999,https://scn.wikipedia.org/wiki/1999
Q1988,scn,2001,https://scn.wikipedia.org/wiki/2001
Q1987,scn,2002,https://scn.wikipedia.org/wiki/2002
Q1986,scn,2003,https://scn.wikipedia.org/wiki/2003
Q2014,scn,2004,https://scn.wikipedia.org/wiki/2004
Q2019,scn,2005,https://scn.wikipedia.org/wiki/2005
Q2021,scn,2006,https://scn.wikipedia.org/wiki/2006
Q2024,scn,2007,https://scn.wikipedia.org/wiki/2007
Q2004,scn,2008,https://scn.wikipedia.org/wiki/2008
Q1996,scn,2009,https://scn.wikipedia.org/wiki/2009
Q1995,scn,2010,https://scn.wikipedia.org/wiki/2010
Q18400,scn,Alatri,https://scn.wikipedia.org/wiki/Alatri
Q1845,scn,Bibbia,https://scn.wikipedia.org/wiki/Bibbia
Q184,scn,Bielurussia,https://scn.wikipedia.org/wiki/Bielurussia
Q1891,scn,Bulogna,https://scn.wikipedia.org/wiki/Bulogna
Q1903,scn,Catania,https://scn.wikipedia.org/wiki/Catania
Q1880,scn,Concepcion,https://scn.wikipedia.org/wiki/Concepcion
Q1877,scn,Dong Hoi,https://scn.wikipedia.org/wiki/Dong_Hoi
Q188500,scn,Elisha Cuthbert,https://scn.wikipedia.org/wiki/Elisha_Cuthbert
Q191,scn,Estonia,https://scn.wikipedia.org/wiki/Estonia
Q190897,scn,Fier,https://scn.wikipedia.org/wiki/Fier
Q2044,scn,Firenzi,https://scn.wikipedia.org/wiki/Firenzi
Q1794,scn,Francuforti supr'ô Menu,https://scn.wikipedia.org/wiki/Francuforti_supr%27%C3%B4_Menu
Q17,scn,Giappuni,https://scn.wikipedia.org/wiki/Giappuni
Q183,scn,Girmania,https://scn.wikipedia.org/wiki/Girmania
Q189,scn,Islandia,https://scn.wikipedia.org/wiki/Islandia
Q1959,scn,Końskowola,https://scn.wikipedia.org/wiki/Ko%C5%84skowola
Q210197,scn,Kukës,https://scn.wikipedia.org/wiki/Kuk%C3%ABs
Q1860,scn,Lingua ngrisa,https://scn.wikipedia.org/wiki/Lingua_ngrisa
Q188,scn,Lingua tudisca,https://scn.wikipedia.org/wiki/Lingua_tudisca
Q19814,scn,Lingui rumanzi,https://scn.wikipedia.org/wiki/Lingui_rumanzi
Q19697,scn,Motörhead,https://scn.wikipedia.org/wiki/Mot%C3%B6rhead
Q217096,scn,Naruhito,https://scn.wikipedia.org/wiki/Naruhito
Q21198,scn,Nfurmàtica,https://scn.wikipedia.org/wiki/Nfurm%C3%A0tica
Q20,scn,Norveggia,https://scn.wikipedia.org/wiki/Norveggia
Q176,scn,Québec,https://scn.wikipedia.org/wiki/Qu%C3%A9bec
Q19581,scn,Rafael Correa,https://scn.wikipedia.org/wiki/Rafael_Correa
Q213,scn,Ripùbblica Ceca,https://scn.wikipedia.org/wiki/Rip%C3%B9bblica_Ceca
Q18013,scn,Sacramento,https://scn.wikipedia.org/wiki/Sacramento
Q193,scn,Saturnu (pianeta),https://scn.wikipedia.org/wiki/Saturnu_(pianeta)
Q215,scn,Slovenia,https://scn.wikipedia.org/wiki/Slovenia
Q212,scn,Ucraina,https://scn.wikipedia.org/wiki/Ucraina
Q1859,scn,Vera Chiesa di Gesù,https://scn.wikipedia.org/wiki/Vera_Chiesa_di_Ges%C3%B9
Q196163,scn,Łobez,https://scn.wikipedia.org/wiki/%C5%81obez
Q2479,scn,1975,https://scn.wikipedia.org/wiki/1975
Q2437,scn,1981,https://scn.wikipedia.org/wiki/1981
Q2436,scn,1982,https://scn.wikipedia.org/wiki/1982
Q2432,scn,1984,https://scn.wikipedia.org/wiki/1984
Q2431,scn,1985,https://scn.wikipedia.org/wiki/1985
Q2425,scn,1989,https://scn.wikipedia.org/wiki/1989
Q283,scn,Acqua (vìppita),https://scn.wikipedia.org/wiki/Acqua_(v%C3%ACppita)
Q222,scn,Albanìa,https://scn.wikipedia.org/wiki/Alban%C3%ACa
Q228,scn,Andorra,https://scn.wikipedia.org/wiki/Andorra
Q227,scn,Azzirbaiggian,https://scn.wikipedia.org/wiki/Azzirbaiggian
Q2386011,scn,Bochotnica,https://scn.wikipedia.org/wiki/Bochotnica
Q2841,scn,Bogotá,https://scn.wikipedia.org/wiki/Bogot%C3%A1
Q225,scn,Bosnia-Erzegovina,https://scn.wikipedia.org/wiki/Bosnia-Erzegovina
Q2844,scn,Brasilia,https://scn.wikipedia.org/wiki/Brasilia
Q219,scn,Bulgarìa,https://scn.wikipedia.org/wiki/Bulgar%C3%ACa
Q298,scn,Cili,https://scn.wikipedia.org/wiki/Cili
Q237,scn,Citati dû Vaticanu,https://scn.wikipedia.org/wiki/Citati_d%C3%BB_Vaticanu
Q224,scn,Croazzia,https://scn.wikipedia.org/wiki/Croazzia
Q22686,scn,Donald Trump,https://scn.wikipedia.org/wiki/Donald_Trump
Q302,scn,Gesù Cristu,https://scn.wikipedia.org/wiki/Ges%C3%B9_Cristu
Q230,scn,Giorgia,https://scn.wikipedia.org/wiki/Giorgia
Q2316,scn,Kurów,https://scn.wikipedia.org/wiki/Kur%C3%B3w
Q233,scn,Malta,https://scn.wikipedia.org/wiki/Malta
Q2831,scn,Michael Jackson,https://scn.wikipedia.org/wiki/Michael_Jackson
Q308,scn,Mircuriu (pianeta),https://scn.wikipedia.org/wiki/Mircuriu_(pianeta)
Q236,scn,Montenegru,https://scn.wikipedia.org/wiki/Montenegru
Q29364,scn,Montgomery (Alabama),https://scn.wikipedia.org/wiki/Montgomery_(Alabama)
Q26426,scn,Montpelier (Vermont),https://scn.wikipedia.org/wiki/Montpelier_(Vermont)
Q21,scn,Nglaterra,https://scn.wikipedia.org/wiki/Nglaterra
Q2634,scn,Nàpuli,https://scn.wikipedia.org/wiki/N%C3%A0puli
Q23441,scn,Octave Mirbeau,https://scn.wikipedia.org/wiki/Octave_Mirbeau
Q2656,scn,Palermu,https://scn.wikipedia.org/wiki/Palermu
Q2736,scn,Palluni (sport),https://scn.wikipedia.org/wiki/Palluni_(sport)
Q23393,scn,Patri nostru,https://scn.wikipedia.org/wiki/Patri_nostru
Q220,scn,Roma,https://scn.wikipedia.org/wiki/Roma
Q218,scn,Rumanìa,https://scn.wikipedia.org/wiki/Ruman%C3%ACa
Q238,scn,San Marinu,https://scn.wikipedia.org/wiki/San_Marinu
Q2887,scn,Santiagu dû Cili,https://scn.wikipedia.org/wiki/Santiagu_d%C3%BB_Cili
Q2751,scn,Siena,https://scn.wikipedia.org/wiki/Siena
Q29,scn,Spagna,https://scn.wikipedia.org/wiki/Spagna
Q30,scn,Stati Uniti,https://scn.wikipedia.org/wiki/Stati_Uniti
Q309,scn,Storia,https://scn.wikipedia.org/wiki/Storia
Q2,scn,Terra (pianeta),https://scn.wikipedia.org/wiki/Terra_(pianeta)
Q223495,scn,The Carpenters,https://scn.wikipedia.org/wiki/The_Carpenters
Q28,scn,Unghirìa,https://scn.wikipedia.org/wiki/Unghir%C3%ACa
Q2495760,scn,Universidade do Estado de Minas Gerais,https://scn.wikipedia.org/wiki/Universidade_do_Estado_de_Minas_Gerais
Q26319,scn,Univirsitati Niccolò Cusano,https://scn.wikipedia.org/wiki/Univirsitati_Niccol%C3%B2_Cusano
Q270,scn,Varsavia,https://scn.wikipedia.org/wiki/Varsavia
Q352,scn,Adolf Hitler,https://scn.wikipedia.org/wiki/Adolf_Hitler
Q399,scn,Armenia,https://scn.wikipedia.org/wiki/Armenia
Q3863,scn,Astiròidi,https://scn.wikipedia.org/wiki/Astir%C3%B2idi
Q333,scn,Astrunumìa,https://scn.wikipedia.org/wiki/Astrunum%C3%ACa
Q408,scn,Australia,https://scn.wikipedia.org/wiki/Australia
Q40,scn,Austria,https://scn.wikipedia.org/wiki/Austria
Q3519,scn,Bari,https://scn.wikipedia.org/wiki/Bari
Q383541,scn,Basshunter,https://scn.wikipedia.org/wiki/Basshunter
Q31,scn,Belgiu,https://scn.wikipedia.org/wiki/Belgiu
Q35135,scn,Catalão,https://scn.wikipedia.org/wiki/Catal%C3%A3o
Q35,scn,Danimarca,https://scn.wikipedia.org/wiki/Danimarca
Q33,scn,Finlandia,https://scn.wikipedia.org/wiki/Finlandia
Q38,scn,Italia,https://scn.wikipedia.org/wiki/Italia
Q34600,scn,Kyoto,https://scn.wikipedia.org/wiki/Kyoto
Q347,scn,Liechtenstein,https://scn.wikipedia.org/wiki/Liechtenstein
Q33302,scn,Lingua dî Signa Francisi,https://scn.wikipedia.org/wiki/Lingua_d%C3%AE_Signa_Francisi
Q33000,scn,Lingua dî Signa Ngrisi,https://scn.wikipedia.org/wiki/Lingua_d%C3%AE_Signa_Ngrisi
Q36239,scn,Lingua dî Signa Nova Zilannisi,https://scn.wikipedia.org/wiki/Lingua_d%C3%AE_Signa_Nova_Zilannisi
Q375619,scn,Lingua dî Signa Taliana,https://scn.wikipedia.org/wiki/Lingua_d%C3%AE_Signa_Taliana
Q33282,scn,Lingua dî Signa Tidesca,https://scn.wikipedia.org/wiki/Lingua_d%C3%AE_Signa_Tidesca
Q397,scn,Lingua latina,https://scn.wikipedia.org/wiki/Lingua_latina
Q33976,scn,Lingua sarda,https://scn.wikipedia.org/wiki/Lingua_sarda
Q37,scn,Lituania,https://scn.wikipedia.org/wiki/Lituania
Q405,scn,Luna,https://scn.wikipedia.org/wiki/Luna
Q32,scn,Lussimburgu,https://scn.wikipedia.org/wiki/Lussimburgu
Q3847714,scn,Marianna Madia,https://scn.wikipedia.org/wiki/Marianna_Madia
Q332,scn,Nettunu (pianeta),https://scn.wikipedia.org/wiki/Nettunu_(pianeta)
Q33959,scn,Nizza (Francia),https://scn.wikipedia.org/wiki/Nizza_(Francia)
Q35109,scn,Noemi,https://scn.wikipedia.org/wiki/Noemi
Q34863,scn,Oklahoma City,https://scn.wikipedia.org/wiki/Oklahoma_City
Q4035,scn,Osasco (San Pàulu),https://scn.wikipedia.org/wiki/Osasco_(San_P%C3%A0ulu)
Q361,scn,Prima guerra munniali,https://scn.wikipedia.org/wiki/Prima_guerra_munniali
Q36,scn,Pulonia,https://scn.wikipedia.org/wiki/Pulonia
Q34001,scn,Roubaix,https://scn.wikipedia.org/wiki/Roubaix
Q30974,scn,Rouen,https://scn.wikipedia.org/wiki/Rouen
Q362,scn,Secunna guerra munniali,https://scn.wikipedia.org/wiki/Secunna_guerra_munniali
Q403,scn,Serbia,https://scn.wikipedia.org/wiki/Serbia
Q36198,scn,Siligo,https://scn.wikipedia.org/wiki/Siligo
Q34,scn,Svezzia,https://scn.wikipedia.org/wiki/Svezzia
Q39,scn,Svìzzira,https://scn.wikipedia.org/wiki/Sv%C3%ACzzira
Q33986,scn,Valparaíso,https://scn.wikipedia.org/wiki/Valpara%C3%ADso
Q313,scn,Vèniri (pianeta),https://scn.wikipedia.org/wiki/V%C3%A8niri_(pianeta)
Q3594268,scn,Šiprage,https://scn.wikipedia.org/wiki/%C5%A0iprage
Q5165,scn,1948,https://scn.wikipedia.org/wiki/1948
Q5253,scn,1958,https://scn.wikipedia.org/wiki/1958
Q5202,scn,Almazán,https://scn.wikipedia.org/wiki/Almaz%C3%A1n
Q51,scn,Antàrtidi,https://scn.wikipedia.org/wiki/Ant%C3%A0rtidi
Q414,scn,Argintina,https://scn.wikipedia.org/wiki/Argintina
Q48,scn,Asia,https://scn.wikipedia.org/wiki/Asia
Q4617,scn,Corbin Bleu,https://scn.wikipedia.org/wiki/Corbin_Bleu
Q4604,scn,Cunfuciu,https://scn.wikipedia.org/wiki/Cunfuciu
Q4361,scn,Curitiba,https://scn.wikipedia.org/wiki/Curitiba
Q5105,scn,Céline Dion,https://scn.wikipedia.org/wiki/C%C3%A9line_Dion
Q43387,scn,Edirne,https://scn.wikipedia.org/wiki/Edirne
Q46,scn,Europa,https://scn.wikipedia.org/wiki/Europa
Q413,scn,Fìsica,https://scn.wikipedia.org/wiki/F%C3%ACsica
Q469925,scn,Ghil'ad Zuckermann,https://scn.wikipedia.org/wiki/Ghil%27ad_Zuckermann
Q41,scn,Grecia,https://scn.wikipedia.org/wiki/Grecia
Q4414537,scn,Guillermo Lasso,https://scn.wikipedia.org/wiki/Guillermo_Lasso
Q5208,scn,Huang Xianfan,https://scn.wikipedia.org/wiki/Huang_Xianfan
Q432,scn,Islam,https://scn.wikipedia.org/wiki/Islam
Q5146,scn,Lingua portughisa,https://scn.wikipedia.org/wiki/Lingua_portughisa
Q4918,scn,Mari Meditirràniu,https://scn.wikipedia.org/wiki/Mari_Meditirr%C3%A0niu
Q4616,scn,Marilyn Monroe,https://scn.wikipedia.org/wiki/Marilyn_Monroe
Q490,scn,Milanu,https://scn.wikipedia.org/wiki/Milanu
Q517,scn,Napuliuni Bonaparti,https://scn.wikipedia.org/wiki/Napuliuni_Bonaparti
Q5292,scn,Nciclupidìa,https://scn.wikipedia.org/wiki/Nciclupid%C3%ACa
Q507595,scn,Nichi Vendola,https://scn.wikipedia.org/wiki/Nichi_Vendola
Q55643,scn,Oceania,https://scn.wikipedia.org/wiki/Oceania
Q55,scn,Paisi Vasci,https://scn.wikipedia.org/wiki/Paisi_Vasci
Q450675,scn,Papa Franciscu,https://scn.wikipedia.org/wiki/Papa_Franciscu
Q473466,scn,Paramore,https://scn.wikipedia.org/wiki/Paramore
Q45,scn,Portugallu,https://scn.wikipedia.org/wiki/Portugallu
Q544,scn,Sistema sulari,https://scn.wikipedia.org/wiki/Sistema_sulari
Q4842556,scn,Stitutu Fidirali di Bahia,https://scn.wikipedia.org/wiki/Stitutu_Fidirali_di_Bahia
Q525,scn,Suli,https://scn.wikipedia.org/wiki/Suli
Q4688112,scn,Sung Jae-gi,https://scn.wikipedia.org/wiki/Sung_Jae-gi
Q43,scn,Turchìa,https://scn.wikipedia.org/wiki/Turch%C3%ACa
Q495,scn,Turinu,https://scn.wikipedia.org/wiki/Turinu
Q5582,scn,Vincent van Gogh,https://scn.wikipedia.org/wiki/Vincent_van_Gogh
Q52,scn,Wikipedia,https://scn.wikipedia.org/wiki/Wikipedia
Q577,scn,Annu,https://scn.wikipedia.org/wiki/Annu
Q6221,scn,Brescia,https://scn.wikipedia.org/wiki/Brescia
Q628,scn,Bèrgamu,https://scn.wikipedia.org/wiki/B%C3%A8rgamu
Q6105,scn,Hebe Camargo,https://scn.wikipedia.org/wiki/Hebe_Camargo
Q561147,scn,Joan Fuster,https://scn.wikipedia.org/wiki/Joan_Fuster
Q6279,scn,Joe Biden,https://scn.wikipedia.org/wiki/Joe_Biden
Q6247,scn,Màntuva,https://scn.wikipedia.org/wiki/M%C3%A0ntuva
Q60,scn,Nova York,https://scn.wikipedia.org/wiki/Nova_York
Q634,scn,Pianeta,https://scn.wikipedia.org/wiki/Pianeta
Q6285,scn,Varesi,https://scn.wikipedia.org/wiki/Varesi
Q7640,scn,1846,https://scn.wikipedia.org/wiki/1846
Q727,scn,Amsterdam,https://scn.wikipedia.org/wiki/Amsterdam
Q78516,scn,Anna Netrebko,https://scn.wikipedia.org/wiki/Anna_Netrebko
Q76,scn,Barack Obama,https://scn.wikipedia.org/wiki/Barack_Obama
Q64,scn,Birlinu,https://scn.wikipedia.org/wiki/Birlinu
Q756916,scn,Centro Federal de Educação Tecnológica Celso Suckow da Fonseca,https://scn.wikipedia.org/wiki/Centro_Federal_de_Educa%C3%A7%C3%A3o_Tecnol%C3%B3gica_Celso_Suckow_da_Fonseca
Q739,scn,Colombia,https://scn.wikipedia.org/wiki/Colombia
Q83285,scn,Durazzu,https://scn.wikipedia.org/wiki/Durazzu
Q764,scn,Funci,https://scn.wikipedia.org/wiki/Funci
Q855,scn,Giuseppi Stalin,https://scn.wikipedia.org/wiki/Giuseppi_Stalin
Q8676,scn,Guerra civili miricana,https://scn.wikipedia.org/wiki/Guerra_civili_miricana
Q668,scn,Innia,https://scn.wikipedia.org/wiki/Innia
Q794,scn,Iran,https://scn.wikipedia.org/wiki/Iran
Q7026,scn,Lingua catalana,https://scn.wikipedia.org/wiki/Lingua_catalana
Q809,scn,Lingua pulacca,https://scn.wikipedia.org/wiki/Lingua_pulacca
Q7737,scn,Lingua russa,https://scn.wikipedia.org/wiki/Lingua_russa
Q652,scn,Lingua taliana,https://scn.wikipedia.org/wiki/Lingua_taliana
Q8409,scn,Lissandru lu Granni,https://scn.wikipedia.org/wiki/Lissandru_lu_Granni
Q762,scn,Liunardu da Vinci,https://scn.wikipedia.org/wiki/Liunardu_da_Vinci
Q84,scn,Londra,https://scn.wikipedia.org/wiki/Londra
Q65,scn,Los Angeles,https://scn.wikipedia.org/wiki/Los_Angeles
Q649,scn,Mosca (Russia),https://scn.wikipedia.org/wiki/Mosca_(Russia)
Q8023,scn,Nelson Mandela,https://scn.wikipedia.org/wiki/Nelson_Mandela
Q664,scn,Nova Zilanna,https://scn.wikipedia.org/wiki/Nova_Zilanna
Q8678,scn,Riu de Janeiru,https://scn.wikipedia.org/wiki/Riu_de_Janeiru
Q83338,scn,Robin Williams,https://scn.wikipedia.org/wiki/Robin_Williams
Q787,scn,Sus domesticus,https://scn.wikipedia.org/wiki/Sus_domesticus
Q7944,scn,Tirrimotu,https://scn.wikipedia.org/wiki/Tirrimotu
Q717,scn,Venezzuela,https://scn.wikipedia.org/wiki/Venezzuela
Q641,scn,Vinezzia,https://scn.wikipedia.org/wiki/Vinezzia
Q849751,scn,York University,https://scn.wikipedia.org/wiki/York_University
Q9022,scn,Guadalajara (Mèssicu),https://scn.wikipedia.org/wiki/Guadalajara_(M%C3%A8ssicu)
Q96,scn,Mèssicu,https://scn.wikipedia.org/wiki/M%C3%A8ssicu
Q97,scn,Ocèanu Atlànticu,https://scn.wikipedia.org/wiki/Oc%C3%A8anu_Atl%C3%A0nticu
Q90,scn,Pariggi,https://scn.wikipedia.org/wiki/Pariggi
Q9960,scn,Ronald Reagan,https://scn.wikipedia.org/wiki/Ronald_Reagan
Q881,scn,Vietnam,https://scn.wikipedia.org/wiki/Vietnam
Q9121,scn,Àtumu,https://scn.wikipedia.org/wiki/%C3%80tumu
Q1284,vec,Abruso,https://vec.wikipedia.org/wiki/Abruso
Q122,vec,Agosto,https://vec.wikipedia.org/wiki/Agosto
Q1199,vec,Asia,https://vec.wikipedia.org/wiki/Asia
Q118,vec,Avril,https://vec.wikipedia.org/wiki/Avril
Q13496,vec,Brindixi,https://vec.wikipedia.org/wiki/Brindixi
Q13680,vec,Caltaniseta,https://vec.wikipedia.org/wiki/Caltaniseta
Q1297,vec,Chicago,https://vec.wikipedia.org/wiki/Chicago
Q116341,vec,Coriza,https://vec.wikipedia.org/wiki/Coriza
Q1072,vec,Cuor,https://vec.wikipedia.org/wiki/Cuor
Q1067,vec,Dante Alighieri,https://vec.wikipedia.org/wiki/Dante_Alighieri
Q126,vec,Disenbre,https://vec.wikipedia.org/wiki/Disenbre
Q114257,vec,Elbasan,https://vec.wikipedia.org/wiki/Elbasan
Q1263,vec,Emiłia-Romagna,https://vec.wikipedia.org/wiki/Emi%C5%82ia-Romagna
Q109,vec,Febraro,https://vec.wikipedia.org/wiki/Febraro
Q1250,vec,Friułi-Venèsia Jùlia,https://vec.wikipedia.org/wiki/Friu%C5%82i-Ven%C3%A8sia_J%C3%B9lia
Q121,vec,Lujo,https://vec.wikipedia.org/wiki/Lujo
Q105,vec,Luni,https://vec.wikipedia.org/wiki/Luni
Q119,vec,Majo,https://vec.wikipedia.org/wiki/Majo
Q1279,vec,Marche,https://vec.wikipedia.org/wiki/Marche
Q110,vec,Marso,https://vec.wikipedia.org/wiki/Marso
Q111,vec,Marte (astronomia),https://vec.wikipedia.org/wiki/Marte_(astronomia)
Q127,vec,Marti,https://vec.wikipedia.org/wiki/Marti
Q13666,vec,Mesina,https://vec.wikipedia.org/wiki/Mesina
Q125,vec,Novenbre,https://vec.wikipedia.org/wiki/Novenbre
Q1280,vec,Onbria,https://vec.wikipedia.org/wiki/Onbria
Q1065,vec,Organixasion de łe Nasion Unìe,https://vec.wikipedia.org/wiki/Organixasion_de_%C5%82e_Nasion_Un%C3%ACe
Q124,vec,Otobre,https://vec.wikipedia.org/wiki/Otobre
Q1216,vec,Piemonte,https://vec.wikipedia.org/wiki/Piemonte
Q13375,vec,Piza,https://vec.wikipedia.org/wiki/Piza
Q1085,vec,Praga,https://vec.wikipedia.org/wiki/Praga
Q123,vec,Setenbre,https://vec.wikipedia.org/wiki/Setenbre
Q11860,vec,Silvio Berlusconi,https://vec.wikipedia.org/wiki/Silvio_Berlusconi
Q13629,vec,Sàsari,https://vec.wikipedia.org/wiki/S%C3%A0sari
Q1299,vec,The Beatles,https://vec.wikipedia.org/wiki/The_Beatles
Q1273,vec,Toscana,https://vec.wikipedia.org/wiki/Toscana
Q1404,vec,Uetersen,https://vec.wikipedia.org/wiki/Uetersen
Q132140,vec,Universidade Federal de Minas Gerais,https://vec.wikipedia.org/wiki/Universidade_Federal_de_Minas_Gerais
Q1243,vec,Vèneto,https://vec.wikipedia.org/wiki/V%C3%A8neto
Q108,vec,Zenaro,https://vec.wikipedia.org/wiki/Zenaro
Q120,vec,Zunjo,https://vec.wikipedia.org/wiki/Zunjo
Q1256,vec,Łigùria,https://vec.wikipedia.org/wiki/%C5%81ig%C3%B9ria
Q1210,vec,Łonbardia,https://vec.wikipedia.org/wiki/%C5%81onbardia
Q13373,vec,Łuca,https://vec.wikipedia.org/wiki/%C5%81uca
Q1282,vec,Łàsio,https://vec.wikipedia.org/wiki/%C5%81%C3%A0sio
Q1321,vec,Łéngua spagnoła,https://vec.wikipedia.org/wiki/%C5%81%C3%A9ngua_spagno%C5%82a
Q173,vec,Alabama,https://vec.wikipedia.org/wiki/Alabama
Q173690,vec,Argirocastro,https://vec.wikipedia.org/wiki/Argirocastro
Q1492,vec,Barcełona,https://vec.wikipedia.org/wiki/Barce%C5%82ona
Q1452,vec,Baziłicata,https://vec.wikipedia.org/wiki/Bazi%C5%82icata
Q170244,vec,Berat,https://vec.wikipedia.org/wiki/Berat
Q1479,vec,Bordò,https://vec.wikipedia.org/wiki/Bord%C3%B2
Q155,vec,Braziłe,https://vec.wikipedia.org/wiki/Brazi%C5%82e
Q1486,vec,Buenos Aires,https://vec.wikipedia.org/wiki/Buenos_Aires
Q1438,vec,Canpània,https://vec.wikipedia.org/wiki/Canp%C3%A0nia
Q1458,vec,Całàbria,https://vec.wikipedia.org/wiki/Ca%C5%82%C3%A0bria
Q159106,vec,Centro Federal de Educação Tecnológica de Minas Gerais,https://vec.wikipedia.org/wiki/Centro_Federal_de_Educa%C3%A7%C3%A3o_Tecnol%C3%B3gica_de_Minas_Gerais
Q1748,vec,Copenaghen,https://vec.wikipedia.org/wiki/Copenaghen
Q16,vec,Cànada,https://vec.wikipedia.org/wiki/C%C3%A0nada
Q142,vec,Fransa,https://vec.wikipedia.org/wiki/Fransa
Q157,vec,François Hollande,https://vec.wikipedia.org/wiki/Fran%C3%A7ois_Hollande
Q165,vec,Mar,https://vec.wikipedia.org/wiki/Mar
Q15143059,vec,Maria Elena Boschi,https://vec.wikipedia.org/wiki/Maria_Elena_Boschi
Q1494,vec,Mississippi (stato federal),https://vec.wikipedia.org/wiki/Mississippi_(stato_federal)
Q1726,vec,Monaco de Baviera,https://vec.wikipedia.org/wiki/Monaco_de_Baviera
Q1443,vec,Mołize,https://vec.wikipedia.org/wiki/Mo%C5%82ize
Q1408,vec,New Jersey,https://vec.wikipedia.org/wiki/New_Jersey
Q1490,vec,Prefetura de Tokyo,https://vec.wikipedia.org/wiki/Prefetura_de_Tokyo
Q1447,vec,Puja,https://vec.wikipedia.org/wiki/Puja
Q15862,vec,Queen,https://vec.wikipedia.org/wiki/Queen
Q145,vec,Regno Unìo,https://vec.wikipedia.org/wiki/Regno_Un%C3%ACo
Q148,vec,Repùblega Popołare Cineze,https://vec.wikipedia.org/wiki/Rep%C3%B9blega_Popo%C5%82are_Cineze
Q159,vec,Rùsia,https://vec.wikipedia.org/wiki/R%C3%B9sia
Q174,vec,San Poło del Braxil,https://vec.wikipedia.org/wiki/San_Po%C5%82o_del_Braxil
Q1462,vec,Sardegna,https://vec.wikipedia.org/wiki/Sardegna
Q1460,vec,Sicìlia,https://vec.wikipedia.org/wiki/Sic%C3%AClia
Q1489,vec,Sità del Mèsego,https://vec.wikipedia.org/wiki/Sit%C3%A0_del_M%C3%A8sego
Q156406,vec,Universidade Estadual de Feira de Santana,https://vec.wikipedia.org/wiki/Universidade_Estadual_de_Feira_de_Santana
Q159102,vec,Universidade Federal da Bahia,https://vec.wikipedia.org/wiki/Universidade_Federal_da_Bahia
Q159610,vec,Valona,https://vec.wikipedia.org/wiki/Valona
Q1449,vec,Zènoa,https://vec.wikipedia.org/wiki/Z%C3%A8noa
Q15,vec,Àfrica,https://vec.wikipedia.org/wiki/%C3%80frica
Q14759,vec,Łéngoa dei ségni mèricana,https://vec.wikipedia.org/wiki/%C5%81%C3%A9ngoa_dei_s%C3%A9gni_m%C3%A8ricana
Q150,vec,Łéngua franseze,https://vec.wikipedia.org/wiki/%C5%81%C3%A9ngua_franseze
Q15085,vec,Łéngua piemontéze,https://vec.wikipedia.org/wiki/%C5%81%C3%A9ngua_piemont%C3%A9ze
Q2035,vec,1901,https://vec.wikipedia.org/wiki/1901
Q2057,vec,1909,https://vec.wikipedia.org/wiki/1909
Q2155,vec,1920,https://vec.wikipedia.org/wiki/1920
Q2162,vec,1921,https://vec.wikipedia.org/wiki/1921
Q19715,vec,1928,https://vec.wikipedia.org/wiki/1928
Q2070,vec,1996,https://vec.wikipedia.org/wiki/1996
Q2091,vec,1999,https://vec.wikipedia.org/wiki/1999
Q1988,vec,2001,https://vec.wikipedia.org/wiki/2001
Q1987,vec,2002,https://vec.wikipedia.org/wiki/2002
Q1986,vec,2003,https://vec.wikipedia.org/wiki/2003
Q2014,vec,2004,https://vec.wikipedia.org/wiki/2004
Q2019,vec,2005,https://vec.wikipedia.org/wiki/2005
Q2021,vec,2006,https://vec.wikipedia.org/wiki/2006
Q2024,vec,2007,https://vec.wikipedia.org/wiki/2007
Q2004,vec,2008,https://vec.wikipedia.org/wiki/2008
Q1996,vec,2009,https://vec.wikipedia.org/wiki/2009
Q1995,vec,2010,https://vec.wikipedia.org/wiki/2010
Q18400,vec,Alatri,https://vec.wikipedia.org/wiki/Alatri
Q1845,vec,Bibia,https://vec.wikipedia.org/wiki/Bibia
Q184,vec,Biełorùsia,https://vec.wikipedia.org/wiki/Bie%C5%82or%C3%B9sia
Q1891,vec,Bołogna,https://vec.wikipedia.org/wiki/Bo%C5%82ogna
Q1903,vec,Catània,https://vec.wikipedia.org/wiki/Cat%C3%A0nia
Q1880,vec,Concepción (Ciłe),https://vec.wikipedia.org/wiki/Concepci%C3%B3n_(Ci%C5%82e)
Q1877,vec,Dong Hoi,https://vec.wikipedia.org/wiki/Dong_Hoi
Q188500,vec,Elisha Cuthbert,https://vec.wikipedia.org/wiki/Elisha_Cuthbert
Q191,vec,Estònia,https://vec.wikipedia.org/wiki/Est%C3%B2nia
Q190897,vec,Fier,https://vec.wikipedia.org/wiki/Fier
Q2044,vec,Firense,https://vec.wikipedia.org/wiki/Firense
Q1794,vec,Francoforte sul Men,https://vec.wikipedia.org/wiki/Francoforte_sul_Men
Q21198,vec,Informàtega,https://vec.wikipedia.org/wiki/Inform%C3%A0tega
Q189,vec,Islanda,https://vec.wikipedia.org/wiki/Islanda
Q17,vec,Japon,https://vec.wikipedia.org/wiki/Japon
Q1959,vec,Końskowola,https://vec.wikipedia.org/wiki/Ko%C5%84skowola
Q210197,vec,Kukës,https://vec.wikipedia.org/wiki/Kuk%C3%ABs
Q19697,vec,Motörhead,https://vec.wikipedia.org/wiki/Mot%C3%B6rhead
Q217096,vec,Naruhito,https://vec.wikipedia.org/wiki/Naruhito
Q20,vec,Norveza,https://vec.wikipedia.org/wiki/Norveza
Q176,vec,Québec,https://vec.wikipedia.org/wiki/Qu%C3%A9bec
Q19581,vec,Rafael Correa,https://vec.wikipedia.org/wiki/Rafael_Correa
Q213,vec,Repùblega Ceca,https://vec.wikipedia.org/wiki/Rep%C3%B9blega_Ceca
Q18013,vec,Sacramento (Całifornia),https://vec.wikipedia.org/wiki/Sacramento_(Ca%C5%82ifornia)
Q193,vec,Saturno (astronomia),https://vec.wikipedia.org/wiki/Saturno_(astronomia)
Q215,vec,Slovènia,https://vec.wikipedia.org/wiki/Slov%C3%A8nia
Q212,vec,Ucràina,https://vec.wikipedia.org/wiki/Ucr%C3%A0ina
Q1859,vec,Vera Ceza de Jezù,https://vec.wikipedia.org/wiki/Vera_Ceza_de_Jez%C3%B9
Q183,vec,Zermània,https://vec.wikipedia.org/wiki/Zerm%C3%A0nia
Q196163,vec,Łobez,https://vec.wikipedia.org/wiki/%C5%81obez
Q1860,vec,Łéngua ingleze,https://vec.wikipedia.org/wiki/%C5%81%C3%A9ngua_ingleze
Q188,vec,Łéngua todesca,https://vec.wikipedia.org/wiki/%C5%81%C3%A9ngua_todesca
Q19814,vec,Łéngue romanze,https://vec.wikipedia.org/wiki/%C5%81%C3%A9ngue_romanze
Q2479,vec,1975,https://vec.wikipedia.org/wiki/1975
Q2437,vec,1981,https://vec.wikipedia.org/wiki/1981
Q2436,vec,1982,https://vec.wikipedia.org/wiki/1982
Q2432,vec,1984,https://vec.wikipedia.org/wiki/1984
Q2431,vec,1985,https://vec.wikipedia.org/wiki/1985
Q2425,vec,1989,https://vec.wikipedia.org/wiki/1989
Q222,vec,Albanìa,https://vec.wikipedia.org/wiki/Alban%C3%ACa
Q228,vec,Andora,https://vec.wikipedia.org/wiki/Andora
Q227,vec,Azerbaijan,https://vec.wikipedia.org/wiki/Azerbaijan
Q2736,vec,Bałon (spor),https://vec.wikipedia.org/wiki/Ba%C5%82on_(spor)
Q2386011,vec,Bochotnica,https://vec.wikipedia.org/wiki/Bochotnica
Q2841,vec,Bogotà,https://vec.wikipedia.org/wiki/Bogot%C3%A0
Q2844,vec,Braziłia,https://vec.wikipedia.org/wiki/Brazi%C5%82ia
Q219,vec,Bulgarìa,https://vec.wikipedia.org/wiki/Bulgar%C3%ACa
Q225,vec,Bòsnia e Erzegòvina,https://vec.wikipedia.org/wiki/B%C3%B2snia_e_Erzeg%C3%B2vina
Q298,vec,Ciłe,https://vec.wikipedia.org/wiki/Ci%C5%82e
Q224,vec,Croàsia,https://vec.wikipedia.org/wiki/Cro%C3%A0sia
Q22686,vec,Donald Trump,https://vec.wikipedia.org/wiki/Donald_Trump
Q21,vec,Inghiltera,https://vec.wikipedia.org/wiki/Inghiltera
Q309,vec,Istoria,https://vec.wikipedia.org/wiki/Istoria
Q302,vec,Jezù,https://vec.wikipedia.org/wiki/Jez%C3%B9
Q2316,vec,Kurów,https://vec.wikipedia.org/wiki/Kur%C3%B3w
Q233,vec,Malta,https://vec.wikipedia.org/wiki/Malta
Q308,vec,Mercùrio (astronomia),https://vec.wikipedia.org/wiki/Merc%C3%B9rio_(astronomia)
Q2831,vec,Michael Jackson,https://vec.wikipedia.org/wiki/Michael_Jackson
Q236,vec,Montenegro,https://vec.wikipedia.org/wiki/Montenegro
Q29364,vec,Montgomery (Alabama),https://vec.wikipedia.org/wiki/Montgomery_(Alabama)
Q26426,vec,Montpelier (Vermont),https://vec.wikipedia.org/wiki/Montpelier_(Vermont)
Q2634,vec,Nàpułi,https://vec.wikipedia.org/wiki/N%C3%A0pu%C5%82i
Q23441,vec,Octave Mirbeau,https://vec.wikipedia.org/wiki/Octave_Mirbeau
Q28,vec,Ongarìa,https://vec.wikipedia.org/wiki/Ongar%C3%ACa
Q23393,vec,Pare nostro,https://vec.wikipedia.org/wiki/Pare_nostro
Q2656,vec,Pałermo,https://vec.wikipedia.org/wiki/Pa%C5%82ermo
Q238,vec,Repùblega de San Marin,https://vec.wikipedia.org/wiki/Rep%C3%B9blega_de_San_Marin
Q220,vec,Roma,https://vec.wikipedia.org/wiki/Roma
Q218,vec,Romanìa,https://vec.wikipedia.org/wiki/Roman%C3%ACa
Q2887,vec,Santiago del Ciłe,https://vec.wikipedia.org/wiki/Santiago_del_Ci%C5%82e
Q2751,vec,Siena,https://vec.wikipedia.org/wiki/Siena
Q237,vec,Sità del Vategan,https://vec.wikipedia.org/wiki/Sit%C3%A0_del_Vategan
Q29,vec,Spagna,https://vec.wikipedia.org/wiki/Spagna
Q30,vec,Stati Unii de l'Amèrica,https://vec.wikipedia.org/wiki/Stati_Unii_de_l%27Am%C3%A8rica
Q2,vec,Tera,https://vec.wikipedia.org/wiki/Tera
Q223495,vec,The Carpenters,https://vec.wikipedia.org/wiki/The_Carpenters
Q2495760,vec,Universidade do Estado de Minas Gerais,https://vec.wikipedia.org/wiki/Universidade_do_Estado_de_Minas_Gerais
Q26319,vec,Università Niccolò Cusano,https://vec.wikipedia.org/wiki/Universit%C3%A0_Niccol%C3%B2_Cusano
Q270,vec,Varsàvia,https://vec.wikipedia.org/wiki/Vars%C3%A0via
Q230,vec,Zeorza,https://vec.wikipedia.org/wiki/Zeorza
Q283,vec,Àcua,https://vec.wikipedia.org/wiki/%C3%80cua
Q352,vec,Adolf Hitler,https://vec.wikipedia.org/wiki/Adolf_Hitler
Q399,vec,Armènia,https://vec.wikipedia.org/wiki/Arm%C3%A8nia
Q3863,vec,Asteroide,https://vec.wikipedia.org/wiki/Asteroide
Q333,vec,Astronomia,https://vec.wikipedia.org/wiki/Astronomia
Q408,vec,Austràlia,https://vec.wikipedia.org/wiki/Austr%C3%A0lia
Q3519,vec,Bari,https://vec.wikipedia.org/wiki/Bari
Q383541,vec,Basshunter,https://vec.wikipedia.org/wiki/Basshunter
Q31,vec,Belzo,https://vec.wikipedia.org/wiki/Belzo
Q35135,vec,Catalão,https://vec.wikipedia.org/wiki/Catal%C3%A3o
Q35,vec,Danemarca,https://vec.wikipedia.org/wiki/Danemarca
Q33,vec,Finlàndia,https://vec.wikipedia.org/wiki/Finl%C3%A0ndia
Q38,vec,Itàłia,https://vec.wikipedia.org/wiki/It%C3%A0%C5%82ia
Q34600,vec,Kyoto,https://vec.wikipedia.org/wiki/Kyoto
Q3847714,vec,Marianna Madia,https://vec.wikipedia.org/wiki/Marianna_Madia
Q332,vec,Netun (astronomia),https://vec.wikipedia.org/wiki/Netun_(astronomia)
Q33959,vec,Niza,https://vec.wikipedia.org/wiki/Niza
Q35109,vec,Noemi,https://vec.wikipedia.org/wiki/Noemi
Q34863,vec,Oklahoma City,https://vec.wikipedia.org/wiki/Oklahoma_City
Q4035,vec,Osasco (San Poło),https://vec.wikipedia.org/wiki/Osasco_(San_Po%C5%82o)
Q36,vec,Połònia,https://vec.wikipedia.org/wiki/Po%C5%82%C3%B2nia
Q361,vec,Prima guera mondiałe,https://vec.wikipedia.org/wiki/Prima_guera_mondia%C5%82e
Q34001,vec,Roubaix,https://vec.wikipedia.org/wiki/Roubaix
Q30974,vec,Rovan,https://vec.wikipedia.org/wiki/Rovan
Q362,vec,Seconda guera mondiałe,https://vec.wikipedia.org/wiki/Seconda_guera_mondia%C5%82e
Q36198,vec,Siligo,https://vec.wikipedia.org/wiki/Siligo
Q34,vec,Svèsia,https://vec.wikipedia.org/wiki/Sv%C3%A8sia
Q39,vec,Svìsara,https://vec.wikipedia.org/wiki/Sv%C3%ACsara
Q403,vec,Sèrbia,https://vec.wikipedia.org/wiki/S%C3%A8rbia
Q33986,vec,Valparaíso,https://vec.wikipedia.org/wiki/Valpara%C3%ADso
Q313,vec,Vènere (astronomia),https://vec.wikipedia.org/wiki/V%C3%A8nere_(astronomia)
Q40,vec,Àustria,https://vec.wikipedia.org/wiki/%C3%80ustria
Q347,vec,Łiechtenstein,https://vec.wikipedia.org/wiki/%C5%81iechtenstein
Q37,vec,Łituània,https://vec.wikipedia.org/wiki/%C5%81itu%C3%A0nia
Q405,vec,Łuna,https://vec.wikipedia.org/wiki/%C5%81una
Q32,vec,Łusenburgo,https://vec.wikipedia.org/wiki/%C5%81usenburgo
Q375619,vec,Łéngua de i segni tałiana,https://vec.wikipedia.org/wiki/%C5%81%C3%A9ngua_de_i_segni_ta%C5%82iana
Q33000,vec,Łéngua de i ségni britànega,https://vec.wikipedia.org/wiki/%C5%81%C3%A9ngua_de_i_s%C3%A9gni_brit%C3%A0nega
Q33302,vec,Łéngua dei ségni franséza,https://vec.wikipedia.org/wiki/%C5%81%C3%A9ngua_dei_s%C3%A9gni_frans%C3%A9za
Q36239,vec,Łéngua dei ségni neozełandéza,https://vec.wikipedia.org/wiki/%C5%81%C3%A9ngua_dei_s%C3%A9gni_neoze%C5%82and%C3%A9za
Q33282,vec,Łéngua dei ségni todésca,https://vec.wikipedia.org/wiki/%C5%81%C3%A9ngua_dei_s%C3%A9gni_tod%C3%A9sca
Q33976,vec,Łéngua sardegnoła,https://vec.wikipedia.org/wiki/%C5%81%C3%A9ngua_sardegno%C5%82a
Q397,vec,Łéngua łatina,https://vec.wikipedia.org/wiki/%C5%81%C3%A9ngua_%C5%82atina
Q3594268,vec,Šiprage,https://vec.wikipedia.org/wiki/%C5%A0iprage
Q5165,vec,1948,https://vec.wikipedia.org/wiki/1948
Q5253,vec,1958,https://vec.wikipedia.org/wiki/1958
Q5202,vec,Almazán,https://vec.wikipedia.org/wiki/Almaz%C3%A1n
Q51,vec,Antàrtide,https://vec.wikipedia.org/wiki/Ant%C3%A0rtide
Q414,vec,Arzentina,https://vec.wikipedia.org/wiki/Arzentina
Q4604,vec,Confucio,https://vec.wikipedia.org/wiki/Confucio
Q4617,vec,Corbin Bleu,https://vec.wikipedia.org/wiki/Corbin_Bleu
Q4361,vec,Curitiba,https://vec.wikipedia.org/wiki/Curitiba
Q5105,vec,Céline Dion,https://vec.wikipedia.org/wiki/C%C3%A9line_Dion
Q43387,vec,Edirne,https://vec.wikipedia.org/wiki/Edirne
Q5292,vec,Ensiclopedia,https://vec.wikipedia.org/wiki/Ensiclopedia
Q46,vec,Eoropa,https://vec.wikipedia.org/wiki/Eoropa
Q413,vec,Fìzega,https://vec.wikipedia.org/wiki/F%C3%ACzega
Q469925,vec,Ghil'ad Zuckermann,https://vec.wikipedia.org/wiki/Ghil%27ad_Zuckermann
Q41,vec,Gresa,https://vec.wikipedia.org/wiki/Gresa
Q4414537,vec,Guillermo Lasso,https://vec.wikipedia.org/wiki/Guillermo_Lasso
Q5208,vec,Huang Xianfan,https://vec.wikipedia.org/wiki/Huang_Xianfan
Q4842556,vec,Instituto Federal da Bahia,https://vec.wikipedia.org/wiki/Instituto_Federal_da_Bahia
Q432,vec,Islam,https://vec.wikipedia.org/wiki/Islam
Q4918,vec,Mar Mediteraneo,https://vec.wikipedia.org/wiki/Mar_Mediteraneo
Q4616,vec,Marilyn Monroe,https://vec.wikipedia.org/wiki/Marilyn_Monroe
Q490,vec,Miłan,https://vec.wikipedia.org/wiki/Mi%C5%82an
Q517,vec,Napoleon Bonaparte,https://vec.wikipedia.org/wiki/Napoleon_Bonaparte
Q507595,vec,Nichi Vendola,https://vec.wikipedia.org/wiki/Nichi_Vendola
Q55643,vec,Oseània,https://vec.wikipedia.org/wiki/Ose%C3%A0nia
Q55,vec,Paezi Basi,https://vec.wikipedia.org/wiki/Paezi_Basi
Q450675,vec,Papa Francesco,https://vec.wikipedia.org/wiki/Papa_Francesco
Q473466,vec,Paramore,https://vec.wikipedia.org/wiki/Paramore
Q45,vec,Portogało,https://vec.wikipedia.org/wiki/Portoga%C5%82o
Q544,vec,Sistema sołare,https://vec.wikipedia.org/wiki/Sistema_so%C5%82are
Q525,vec,Sołe,https://vec.wikipedia.org/wiki/So%C5%82e
Q4688112,vec,Sung Jae-gi,https://vec.wikipedia.org/wiki/Sung_Jae-gi
Q43,vec,Turchìa,https://vec.wikipedia.org/wiki/Turch%C3%ACa
Q495,vec,Turìn,https://vec.wikipedia.org/wiki/Tur%C3%ACn
Q5582,vec,Vincent van Gogh,https://vec.wikipedia.org/wiki/Vincent_van_Gogh
Q52,vec,Wikipedia,https://vec.wikipedia.org/wiki/Wikipedia
Q48,vec,Àzia,https://vec.wikipedia.org/wiki/%C3%80zia
Q5146,vec,Łéngua portogheze,https://vec.wikipedia.org/wiki/%C5%81%C3%A9ngua_portogheze
Q577,vec,An,https://vec.wikipedia.org/wiki/An
Q628,vec,Bergamo,https://vec.wikipedia.org/wiki/Bergamo
Q6221,vec,Bresa,https://vec.wikipedia.org/wiki/Bresa
Q6105,vec,Hebe Camargo,https://vec.wikipedia.org/wiki/Hebe_Camargo
Q561147,vec,Joan Fuster,https://vec.wikipedia.org/wiki/Joan_Fuster
Q6279,vec,Joe Biden,https://vec.wikipedia.org/wiki/Joe_Biden
Q6247,vec,Màntova,https://vec.wikipedia.org/wiki/M%C3%A0ntova
Q60,vec,New York,https://vec.wikipedia.org/wiki/New_York
Q634,vec,Pianeta,https://vec.wikipedia.org/wiki/Pianeta
Q6285,vec,Varexe,https://vec.wikipedia.org/wiki/Varexe
Q7640,vec,1846,https://vec.wikipedia.org/wiki/1846
Q727,vec,Amsterdam,https://vec.wikipedia.org/wiki/Amsterdam
Q78516,vec,Anna Netrebko,https://vec.wikipedia.org/wiki/Anna_Netrebko
Q76,vec,Barack Obama,https://vec.wikipedia.org/wiki/Barack_Obama
Q64,vec,Berlin,https://vec.wikipedia.org/wiki/Berlin
Q756916,vec,Centro Federal de Educação Tecnológica Celso Suckow da Fonseca,https://vec.wikipedia.org/wiki/Centro_Federal_de_Educa%C3%A7%C3%A3o_Tecnol%C3%B3gica_Celso_Suckow_da_Fonseca
Q739,vec,Cołónbia,https://vec.wikipedia.org/wiki/Co%C5%82%C3%B3nbia
Q83285,vec,Durazo,https://vec.wikipedia.org/wiki/Durazo
Q764,vec,Fungi,https://vec.wikipedia.org/wiki/Fungi
Q8676,vec,Guera de secesion americana,https://vec.wikipedia.org/wiki/Guera_de_secesion_americana
Q855,vec,Iosif Stalin,https://vec.wikipedia.org/wiki/Iosif_Stalin
Q794,vec,Iran,https://vec.wikipedia.org/wiki/Iran
Q762,vec,Leonardo da Vinci,https://vec.wikipedia.org/wiki/Leonardo_da_Vinci
Q65,vec,Los Angeles,https://vec.wikipedia.org/wiki/Los_Angeles
Q649,vec,Mosca (Rùsia),https://vec.wikipedia.org/wiki/Mosca_(R%C3%B9sia)
Q8023,vec,Nelson Mandela,https://vec.wikipedia.org/wiki/Nelson_Mandela
Q664,vec,Nova Zełanda,https://vec.wikipedia.org/wiki/Nova_Ze%C5%82anda
Q8678,vec,Rio de Janeiro,https://vec.wikipedia.org/wiki/Rio_de_Janeiro
Q83338,vec,Robin Williams,https://vec.wikipedia.org/wiki/Robin_Williams
Q787,vec,Sus scrofa domesticus,https://vec.wikipedia.org/wiki/Sus_scrofa_domesticus
Q7944,vec,Teramoto,https://vec.wikipedia.org/wiki/Teramoto
Q641,vec,Venesia,https://vec.wikipedia.org/wiki/Venesia
Q717,vec,Venesueła,https://vec.wikipedia.org/wiki/Venesue%C5%82a
Q849751,vec,York University,https://vec.wikipedia.org/wiki/York_University
Q668,vec,Ìndia,https://vec.wikipedia.org/wiki/%C3%8Cndia
Q8409,vec,Łisandro Magno,https://vec.wikipedia.org/wiki/%C5%81isandro_Magno
Q84,vec,Łondra,https://vec.wikipedia.org/wiki/%C5%81ondra
Q7026,vec,Łéngua catałana,https://vec.wikipedia.org/wiki/%C5%81%C3%A9ngua_cata%C5%82ana
Q652,vec,Łéngua italiana,https://vec.wikipedia.org/wiki/%C5%81%C3%A9ngua_italiana
Q809,vec,Łéngua połaca,https://vec.wikipedia.org/wiki/%C5%81%C3%A9ngua_po%C5%82aca
Q7737,vec,Łéngua rusa,https://vec.wikipedia.org/wiki/%C5%81%C3%A9ngua_rusa
Q9022,vec,Guadalajara (Mèsego),https://vec.wikipedia.org/wiki/Guadalajara_(M%C3%A8sego)
Q96,vec,Mèsego,https://vec.wikipedia.org/wiki/M%C3%A8sego
Q97,vec,Osèano Atlàntego,https://vec.wikipedia.org/wiki/Os%C3%A8ano_Atl%C3%A0ntego
Q90,vec,Parize,https://vec.wikipedia.org/wiki/Parize
Q9960,vec,Ronald Reagan,https://vec.wikipedia.org/wiki/Ronald_Reagan
Q881,vec,Vietnam,https://vec.wikipedia.org/wiki/Vietnam
Q9121,vec,Àtomo,https://vec.wikipedia.org/wiki/%C3%80tomo
Q118,nap,Abbrile,https://nap.wikipedia.org/wiki/Abbrile
Q1284,nap,Abruzzo,https://nap.wikipedia.org/wiki/Abruzzo
Q1199,nap,Assia,https://nap.wikipedia.org/wiki/Assia
Q122,nap,Aùsto,https://nap.wikipedia.org/wiki/A%C3%B9sto
Q13496,nap,Brinnese,https://nap.wikipedia.org/wiki/Brinnese
Q13680,nap,Caltanissetta,https://nap.wikipedia.org/wiki/Caltanissetta
Q1297,nap,Chicago,https://nap.wikipedia.org/wiki/Chicago
Q1072,nap,Core,https://nap.wikipedia.org/wiki/Core
Q116341,nap,Coriza,https://nap.wikipedia.org/wiki/Coriza
Q1067,nap,Dante Alighieri,https://nap.wikipedia.org/wiki/Dante_Alighieri
Q126,nap,Dicembre,https://nap.wikipedia.org/wiki/Dicembre
Q114257,nap,Elbasan,https://nap.wikipedia.org/wiki/Elbasan
Q1263,nap,Emilia-Rumagna,https://nap.wikipedia.org/wiki/Emilia-Rumagna
Q109,nap,Frevaro,https://nap.wikipedia.org/wiki/Frevaro
Q1250,nap,Friuli-Venezia Giulia,https://nap.wikipedia.org/wiki/Friuli-Venezia_Giulia
Q120,nap,Giùgno,https://nap.wikipedia.org/wiki/Gi%C3%B9gno
Q108,nap,Jennaro,https://nap.wikipedia.org/wiki/Jennaro
Q1282,nap,Lazzio,https://nap.wikipedia.org/wiki/Lazzio
Q1321,nap,Lengua spagnuola,https://nap.wikipedia.org/wiki/Lengua_spagnuola
Q1256,nap,Liguria,https://nap.wikipedia.org/wiki/Liguria
Q13373,nap,Lucca,https://nap.wikipedia.org/wiki/Lucca
Q121,nap,Luglio,https://nap.wikipedia.org/wiki/Luglio
Q1210,nap,Lummardìa,https://nap.wikipedia.org/wiki/Lummard%C3%ACa
Q105,nap,Lunnerì,https://nap.wikipedia.org/wiki/Lunner%C3%AC
Q119,nap,Majo,https://nap.wikipedia.org/wiki/Majo
Q1279,nap,Marche,https://nap.wikipedia.org/wiki/Marche
Q111,nap,Marte,https://nap.wikipedia.org/wiki/Marte
Q127,nap,Marterì,https://nap.wikipedia.org/wiki/Marter%C3%AC
Q13666,nap,Messina,https://nap.wikipedia.org/wiki/Messina
Q110,nap,Màrzo,https://nap.wikipedia.org/wiki/M%C3%A0rzo
Q125,nap,Nuvembre,https://nap.wikipedia.org/wiki/Nuvembre
Q1065,nap,"Organizzazione d""e Nazzione Aunite",https://nap.wikipedia.org/wiki/Organizzazione_d%22e_Nazzione_Aunite
Q124,nap,Ottovre,https://nap.wikipedia.org/wiki/Ottovre
Q1216,nap,Piemunte,https://nap.wikipedia.org/wiki/Piemunte
Q13375,nap,Pisa,https://nap.wikipedia.org/wiki/Pisa
Q1085,nap,Praga,https://nap.wikipedia.org/wiki/Praga
Q13629,nap,Sassari,https://nap.wikipedia.org/wiki/Sassari
Q123,nap,Settembre,https://nap.wikipedia.org/wiki/Settembre
Q11860,nap,Silvio Berlusconi,https://nap.wikipedia.org/wiki/Silvio_Berlusconi
Q1299,nap,The Beatles,https://nap.wikipedia.org/wiki/The_Beatles
Q1273,nap,Toscana,https://nap.wikipedia.org/wiki/Toscana
Q1404,nap,Uetersen,https://nap.wikipedia.org/wiki/Uetersen
Q1280,nap,Umbria,https://nap.wikipedia.org/wiki/Umbria
Q132140,nap,Universidade Federal de Minas Gerais,https://nap.wikipedia.org/wiki/Universidade_Federal_de_Minas_Gerais
Q1243,nap,Veneto,https://nap.wikipedia.org/wiki/Veneto
Q15,nap,Africa,https://nap.wikipedia.org/wiki/Africa
Q173,nap,Alabama,https://nap.wikipedia.org/wiki/Alabama
Q173690,nap,Argirucastro,https://nap.wikipedia.org/wiki/Argirucastro
Q1492,nap,Barcellona,https://nap.wikipedia.org/wiki/Barcellona
Q1452,nap,Baselecata,https://nap.wikipedia.org/wiki/Baselecata
Q170244,nap,Berat,https://nap.wikipedia.org/wiki/Berat
Q1479,nap,Bordeaux,https://nap.wikipedia.org/wiki/Bordeaux
Q155,nap,Brasile,https://nap.wikipedia.org/wiki/Brasile
Q1486,nap,Buenos Aires,https://nap.wikipedia.org/wiki/Buenos_Aires
Q1458,nap,Calavria,https://nap.wikipedia.org/wiki/Calavria
Q1438,nap,Campania,https://nap.wikipedia.org/wiki/Campania
Q16,nap,Canadà,https://nap.wikipedia.org/wiki/Canad%C3%A0
Q159106,nap,Centro Federal de Educação Tecnológica de Minas Gerais,https://nap.wikipedia.org/wiki/Centro_Federal_de_Educa%C3%A7%C3%A3o_Tecnol%C3%B3gica_de_Minas_Gerais
Q148,nap,Cina,https://nap.wikipedia.org/wiki/Cina
Q1489,nap,Città ddò Messeco,https://nap.wikipedia.org/wiki/Citt%C3%A0_dd%C3%B2_Messeco
Q1748,nap,Copenaghen,https://nap.wikipedia.org/wiki/Copenaghen
Q142,nap,Franza,https://nap.wikipedia.org/wiki/Franza
Q157,nap,François Hollande,https://nap.wikipedia.org/wiki/Fran%C3%A7ois_Hollande
Q1449,nap,Genova,https://nap.wikipedia.org/wiki/Genova
Q145,nap,Gran Vretagna,https://nap.wikipedia.org/wiki/Gran_Vretagna
Q150,nap,Lengua franzese,https://nap.wikipedia.org/wiki/Lengua_franzese
Q15085,nap,Lengua piemuntese,https://nap.wikipedia.org/wiki/Lengua_piemuntese
Q14759,nap,"Lenguaggio d""e signe mmerecano",https://nap.wikipedia.org/wiki/Lenguaggio_d%22e_signe_mmerecano
Q165,nap,Mare,https://nap.wikipedia.org/wiki/Mare
Q15143059,nap,Maria Elena Boschi,https://nap.wikipedia.org/wiki/Maria_Elena_Boschi
Q1494,nap,Mississippi,https://nap.wikipedia.org/wiki/Mississippi
Q1726,nap,Monaco 'e Baviera,https://nap.wikipedia.org/wiki/Monaco_%27e_Baviera
Q1443,nap,Mulise,https://nap.wikipedia.org/wiki/Mulise
Q1408,nap,New Jersey,https://nap.wikipedia.org/wiki/New_Jersey
Q1447,nap,Pùglia,https://nap.wikipedia.org/wiki/P%C3%B9glia
Q15862,nap,Queen,https://nap.wikipedia.org/wiki/Queen
Q159,nap,Russia,https://nap.wikipedia.org/wiki/Russia
Q174,nap,San Paulo,https://nap.wikipedia.org/wiki/San_Paulo
Q1460,nap,Sicilia,https://nap.wikipedia.org/wiki/Sicilia
Q1490,nap,Tokyo,https://nap.wikipedia.org/wiki/Tokyo
Q156406,nap,Universidade Estadual de Feira de Santana,https://nap.wikipedia.org/wiki/Universidade_Estadual_de_Feira_de_Santana
Q159102,nap,Universidade Federal da Bahia,https://nap.wikipedia.org/wiki/Universidade_Federal_da_Bahia
Q159610,nap,Valona,https://nap.wikipedia.org/wiki/Valona
Q1462,nap,Zardegna,https://nap.wikipedia.org/wiki/Zardegna
Q1859,nap,'A Vera Chiésia 'e Gesù,https://nap.wikipedia.org/wiki/%27A_Vera_Chi%C3%A9sia_%27e_Ges%C3%B9
Q2035,nap,1901,https://nap.wikipedia.org/wiki/1901
Q2057,nap,1909,https://nap.wikipedia.org/wiki/1909
Q2155,nap,1920,https://nap.wikipedia.org/wiki/1920
Q2162,nap,1921,https://nap.wikipedia.org/wiki/1921
Q19715,nap,1928,https://nap.wikipedia.org/wiki/1928
Q2070,nap,1996,https://nap.wikipedia.org/wiki/1996
Q2091,nap,1999,https://nap.wikipedia.org/wiki/1999
Q1988,nap,2001,https://nap.wikipedia.org/wiki/2001
Q1987,nap,2002,https://nap.wikipedia.org/wiki/2002
Q1986,nap,2003,https://nap.wikipedia.org/wiki/2003
Q2014,nap,2004,https://nap.wikipedia.org/wiki/2004
Q2019,nap,2005,https://nap.wikipedia.org/wiki/2005
Q2021,nap,2006,https://nap.wikipedia.org/wiki/2006
Q2024,nap,2007,https://nap.wikipedia.org/wiki/2007
Q2004,nap,2008,https://nap.wikipedia.org/wiki/2008
Q1996,nap,2009,https://nap.wikipedia.org/wiki/2009
Q1995,nap,2010,https://nap.wikipedia.org/wiki/2010
Q18400,nap,Alatri,https://nap.wikipedia.org/wiki/Alatri
Q1845,nap,Bibbia,https://nap.wikipedia.org/wiki/Bibbia
Q184,nap,Bielorussia,https://nap.wikipedia.org/wiki/Bielorussia
Q1891,nap,Bologna,https://nap.wikipedia.org/wiki/Bologna
Q1903,nap,Catania,https://nap.wikipedia.org/wiki/Catania
Q1880,nap,Concepción,https://nap.wikipedia.org/wiki/Concepci%C3%B3n
Q188500,nap,Elisha Cuthbert,https://nap.wikipedia.org/wiki/Elisha_Cuthbert
Q191,nap,Estonia,https://nap.wikipedia.org/wiki/Estonia
Q190897,nap,Fier,https://nap.wikipedia.org/wiki/Fier
Q1794,nap,Frankfurt,https://nap.wikipedia.org/wiki/Frankfurt
Q183,nap,Germania,https://nap.wikipedia.org/wiki/Germania
Q17,nap,Giappone,https://nap.wikipedia.org/wiki/Giappone
Q189,nap,Islanna,https://nap.wikipedia.org/wiki/Islanna
Q1959,nap,Końskowola,https://nap.wikipedia.org/wiki/Ko%C5%84skowola
Q210197,nap,Kukës,https://nap.wikipedia.org/wiki/Kuk%C3%ABs
Q188,nap,Lengua germanese,https://nap.wikipedia.org/wiki/Lengua_germanese
Q1860,nap,Lengua ngrese,https://nap.wikipedia.org/wiki/Lengua_ngrese
Q19814,nap,Lengue neolatine,https://nap.wikipedia.org/wiki/Lengue_neolatine
Q19697,nap,Motörhead,https://nap.wikipedia.org/wiki/Mot%C3%B6rhead
Q217096,nap,Naruhito,https://nap.wikipedia.org/wiki/Naruhito
Q21198,nap,Nfurmateca,https://nap.wikipedia.org/wiki/Nfurmateca
Q20,nap,Norvegia,https://nap.wikipedia.org/wiki/Norvegia
Q176,nap,Québec,https://nap.wikipedia.org/wiki/Qu%C3%A9bec
Q19581,nap,Rafael Correa,https://nap.wikipedia.org/wiki/Rafael_Correa
Q213,nap,Repubbreca Ceca,https://nap.wikipedia.org/wiki/Repubbreca_Ceca
Q18013,nap,Sacramento (California),https://nap.wikipedia.org/wiki/Sacramento_(California)
Q193,nap,Saturno,https://nap.wikipedia.org/wiki/Saturno
Q2044,nap,Sciorenza,https://nap.wikipedia.org/wiki/Sciorenza
Q215,nap,Slovenia,https://nap.wikipedia.org/wiki/Slovenia
Q212,nap,Ucraina,https://nap.wikipedia.org/wiki/Ucraina
Q1877,nap,Đồng Hới,https://nap.wikipedia.org/wiki/%C4%90%E1%BB%93ng_H%E1%BB%9Bi
Q196163,nap,Łobez,https://nap.wikipedia.org/wiki/%C5%81obez
Q2479,nap,1975,https://nap.wikipedia.org/wiki/1975
Q2437,nap,1981,https://nap.wikipedia.org/wiki/1981
Q2436,nap,1982,https://nap.wikipedia.org/wiki/1982
Q2432,nap,1984,https://nap.wikipedia.org/wiki/1984
Q2431,nap,1985,https://nap.wikipedia.org/wiki/1985
Q2425,nap,1989,https://nap.wikipedia.org/wiki/1989
Q283,nap,Acqua,https://nap.wikipedia.org/wiki/Acqua
Q222,nap,Albania,https://nap.wikipedia.org/wiki/Albania
Q228,nap,Andorra,https://nap.wikipedia.org/wiki/Andorra
Q227,nap,Azerbaijan,https://nap.wikipedia.org/wiki/Azerbaijan
Q2386011,nap,Bochotnica,https://nap.wikipedia.org/wiki/Bochotnica
Q2841,nap,Bogotà,https://nap.wikipedia.org/wiki/Bogot%C3%A0
Q225,nap,Bosnia-Erzegovina,https://nap.wikipedia.org/wiki/Bosnia-Erzegovina
Q2844,nap,Brasília,https://nap.wikipedia.org/wiki/Bras%C3%ADlia
Q219,nap,Bulgaria,https://nap.wikipedia.org/wiki/Bulgaria
Q298,nap,Cile,https://nap.wikipedia.org/wiki/Cile
Q237,nap,Cità d''o Vaticano,https://nap.wikipedia.org/wiki/Cit%C3%A0_d%27%27o_Vaticano
Q224,nap,Croazia,https://nap.wikipedia.org/wiki/Croazia
Q22686,nap,Donald Trump,https://nap.wikipedia.org/wiki/Donald_Trump
Q230,nap,Georgia,https://nap.wikipedia.org/wiki/Georgia
Q302,nap,Giesù Cristo,https://nap.wikipedia.org/wiki/Gies%C3%B9_Cristo
Q2316,nap,Kurów,https://nap.wikipedia.org/wiki/Kur%C3%B3w
Q233,nap,Malta (state),https://nap.wikipedia.org/wiki/Malta_(state)
Q308,nap,Mercurio,https://nap.wikipedia.org/wiki/Mercurio
Q2831,nap,Michael Jackson,https://nap.wikipedia.org/wiki/Michael_Jackson
Q236,nap,Montenegro,https://nap.wikipedia.org/wiki/Montenegro
Q29364,nap,Montgomery (Alabama),https://nap.wikipedia.org/wiki/Montgomery_(Alabama)
Q26426,nap,Montpelier,https://nap.wikipedia.org/wiki/Montpelier
Q2634,nap,Napule,https://nap.wikipedia.org/wiki/Napule
Q21,nap,Ngreterra,https://nap.wikipedia.org/wiki/Ngreterra
Q23441,nap,Octave Mirbeau,https://nap.wikipedia.org/wiki/Octave_Mirbeau
Q2656,nap,Palermo,https://nap.wikipedia.org/wiki/Palermo
Q2736,nap,Pallone,https://nap.wikipedia.org/wiki/Pallone
Q23393,nap,Pate nuoste,https://nap.wikipedia.org/wiki/Pate_nuoste
Q220,nap,Romma,https://nap.wikipedia.org/wiki/Romma
Q218,nap,Rumania,https://nap.wikipedia.org/wiki/Rumania
Q238,nap,San Marino,https://nap.wikipedia.org/wiki/San_Marino
Q2887,nap,Santiago 'e Cile,https://nap.wikipedia.org/wiki/Santiago_%27e_Cile
Q2751,nap,Siena,https://nap.wikipedia.org/wiki/Siena
Q29,nap,Spagna,https://nap.wikipedia.org/wiki/Spagna
Q30,nap,State Aunite d'Amereca,https://nap.wikipedia.org/wiki/State_Aunite_d%27Amereca
Q309,nap,Storia,https://nap.wikipedia.org/wiki/Storia
Q2,nap,Terra,https://nap.wikipedia.org/wiki/Terra
Q223495,nap,The Carpenters,https://nap.wikipedia.org/wiki/The_Carpenters
Q26319,nap,Uneverzetà Niccolò Cusano,https://nap.wikipedia.org/wiki/Uneverzet%C3%A0_Niccol%C3%B2_Cusano
Q28,nap,Ungaria,https://nap.wikipedia.org/wiki/Ungaria
Q2495760,nap,Universidade do Estado de Minas Gerais,https://nap.wikipedia.org/wiki/Universidade_do_Estado_de_Minas_Gerais
Q270,nap,Varsavia,https://nap.wikipedia.org/wiki/Varsavia
Q352,nap,Adolf Hitler,https://nap.wikipedia.org/wiki/Adolf_Hitler
Q399,nap,Armenia,https://nap.wikipedia.org/wiki/Armenia
Q3863,nap,Asteroide,https://nap.wikipedia.org/wiki/Asteroide
Q333,nap,Astronumia,https://nap.wikipedia.org/wiki/Astronumia
Q408,nap,Australia,https://nap.wikipedia.org/wiki/Australia
Q40,nap,Austria,https://nap.wikipedia.org/wiki/Austria
Q3519,nap,Bari,https://nap.wikipedia.org/wiki/Bari
Q383541,nap,Basshunter,https://nap.wikipedia.org/wiki/Basshunter
Q31,nap,Belge,https://nap.wikipedia.org/wiki/Belge
Q35135,nap,Catalão,https://nap.wikipedia.org/wiki/Catal%C3%A3o
Q35,nap,Danemarca,https://nap.wikipedia.org/wiki/Danemarca
Q33,nap,Finlandia,https://nap.wikipedia.org/wiki/Finlandia
Q38,nap,Italia,https://nap.wikipedia.org/wiki/Italia
Q34600,nap,Kyōto,https://nap.wikipedia.org/wiki/Ky%C5%8Dto
Q397,nap,Lengua latina,https://nap.wikipedia.org/wiki/Lengua_latina
Q33976,nap,Lengua sarda,https://nap.wikipedia.org/wiki/Lengua_sarda
Q33000,nap,"Lenguaggio d""e signe ngrese",https://nap.wikipedia.org/wiki/Lenguaggio_d%22e_signe_ngrese
Q36239,nap,"Lenguaggio d""e signe novazelannese",https://nap.wikipedia.org/wiki/Lenguaggio_d%22e_signe_novazelannese
Q375619,nap,"Lenguaggio d""e signe taliano",https://nap.wikipedia.org/wiki/Lenguaggio_d%22e_signe_taliano
Q33282,nap,"Lenguaggio d""e signe turesco",https://nap.wikipedia.org/wiki/Lenguaggio_d%22e_signe_turesco
Q33302,nap,Lenguaggio d' 'e signe franzese,https://nap.wikipedia.org/wiki/Lenguaggio_d%27_%27e_signe_franzese
Q347,nap,Liechtenstein,https://nap.wikipedia.org/wiki/Liechtenstein
Q37,nap,Lituania,https://nap.wikipedia.org/wiki/Lituania
Q405,nap,Luna,https://nap.wikipedia.org/wiki/Luna
Q32,nap,Lussemburgo,https://nap.wikipedia.org/wiki/Lussemburgo
Q3847714,nap,Marianna Madia,https://nap.wikipedia.org/wiki/Marianna_Madia
Q332,nap,Nettunno,https://nap.wikipedia.org/wiki/Nettunno
Q33959,nap,Nizza,https://nap.wikipedia.org/wiki/Nizza
Q35109,nap,Noemi,https://nap.wikipedia.org/wiki/Noemi
Q34863,nap,Oklahoma City,https://nap.wikipedia.org/wiki/Oklahoma_City
Q4035,nap,Osasco (San Paullo),https://nap.wikipedia.org/wiki/Osasco_(San_Paullo)
Q361,nap,Primma uerra munniale,https://nap.wikipedia.org/wiki/Primma_uerra_munniale
Q36,nap,Pulonnia,https://nap.wikipedia.org/wiki/Pulonnia
Q34001,nap,Roubaix,https://nap.wikipedia.org/wiki/Roubaix
Q30974,nap,Rouen,https://nap.wikipedia.org/wiki/Rouen
Q362,nap,Seconna Uerra Munniale,https://nap.wikipedia.org/wiki/Seconna_Uerra_Munniale
Q403,nap,Serbia,https://nap.wikipedia.org/wiki/Serbia
Q34,nap,Sguezia,https://nap.wikipedia.org/wiki/Sguezia
Q39,nap,Sguizzera,https://nap.wikipedia.org/wiki/Sguizzera
Q36198,nap,Siligo,https://nap.wikipedia.org/wiki/Siligo
Q33986,nap,Valparaíso,https://nap.wikipedia.org/wiki/Valpara%C3%ADso
Q313,nap,Venere,https://nap.wikipedia.org/wiki/Venere
Q3594268,nap,Šiprage,https://nap.wikipedia.org/wiki/%C5%A0iprage
Q5165,nap,1948,https://nap.wikipedia.org/wiki/1948
Q5253,nap,1958,https://nap.wikipedia.org/wiki/1958
Q5202,nap,Almazán,https://nap.wikipedia.org/wiki/Almaz%C3%A1n
Q51,nap,Antartide,https://nap.wikipedia.org/wiki/Antartide
Q414,nap,Argentina,https://nap.wikipedia.org/wiki/Argentina
Q48,nap,Asia,https://nap.wikipedia.org/wiki/Asia
Q4604,nap,Confucio,https://nap.wikipedia.org/wiki/Confucio
Q4617,nap,Corbin Bleu,https://nap.wikipedia.org/wiki/Corbin_Bleu
Q4361,nap,Curitiba,https://nap.wikipedia.org/wiki/Curitiba
Q5105,nap,Céline Dion,https://nap.wikipedia.org/wiki/C%C3%A9line_Dion
Q43387,nap,Edirne,https://nap.wikipedia.org/wiki/Edirne
Q5292,nap,Enciclopedía,https://nap.wikipedia.org/wiki/Encicloped%C3%ADa
Q46,nap,Europa,https://nap.wikipedia.org/wiki/Europa
Q413,nap,Físeca,https://nap.wikipedia.org/wiki/F%C3%ADseca
Q469925,nap,Ghil'ad Zuckermann,https://nap.wikipedia.org/wiki/Ghil%27ad_Zuckermann
Q41,nap,Grecia,https://nap.wikipedia.org/wiki/Grecia
Q4414537,nap,Guillermo Lasso,https://nap.wikipedia.org/wiki/Guillermo_Lasso
Q5208,nap,Huang Xianfan,https://nap.wikipedia.org/wiki/Huang_Xianfan
Q4842556,nap,Instituto Federal da Bahia,https://nap.wikipedia.org/wiki/Instituto_Federal_da_Bahia
Q432,nap,Islam,https://nap.wikipedia.org/wiki/Islam
Q5146,nap,Lengua purtuese,https://nap.wikipedia.org/wiki/Lengua_purtuese
Q4918,nap,Mar Mediterraneo,https://nap.wikipedia.org/wiki/Mar_Mediterraneo
Q4616,nap,Marilyn Monroe,https://nap.wikipedia.org/wiki/Marilyn_Monroe
Q490,nap,Milano,https://nap.wikipedia.org/wiki/Milano
Q517,nap,Napoleone Bonaparte,https://nap.wikipedia.org/wiki/Napoleone_Bonaparte
Q507595,nap,Nichi Vendola,https://nap.wikipedia.org/wiki/Nichi_Vendola
Q55643,nap,Oceania,https://nap.wikipedia.org/wiki/Oceania
Q450675,nap,Papa Francesco,https://nap.wikipedia.org/wiki/Papa_Francesco
Q473466,nap,Paramore,https://nap.wikipedia.org/wiki/Paramore
Q45,nap,Purtuallo,https://nap.wikipedia.org/wiki/Purtuallo
Q544,nap,Sistema solare,https://nap.wikipedia.org/wiki/Sistema_solare
Q525,nap,Sole,https://nap.wikipedia.org/wiki/Sole
Q4688112,nap,Sung Jae-gi,https://nap.wikipedia.org/wiki/Sung_Jae-gi
Q43,nap,Turchia,https://nap.wikipedia.org/wiki/Turchia
Q495,nap,Turino,https://nap.wikipedia.org/wiki/Turino
Q55,nap,Ulanna,https://nap.wikipedia.org/wiki/Ulanna
Q5582,nap,Vincent van Gogh,https://nap.wikipedia.org/wiki/Vincent_van_Gogh
Q52,nap,Wikipedia,https://nap.wikipedia.org/wiki/Wikipedia
Q577,nap,Anno,https://nap.wikipedia.org/wiki/Anno
Q628,nap,Bergamo,https://nap.wikipedia.org/wiki/Bergamo
Q6221,nap,Brescia,https://nap.wikipedia.org/wiki/Brescia
Q634,nap,Chianeta,https://nap.wikipedia.org/wiki/Chianeta
Q6105,nap,Hebe Camargo,https://nap.wikipedia.org/wiki/Hebe_Camargo
Q561147,nap,Joan Fuster,https://nap.wikipedia.org/wiki/Joan_Fuster
Q6279,nap,Joe Biden,https://nap.wikipedia.org/wiki/Joe_Biden
Q6247,nap,Mantova,https://nap.wikipedia.org/wiki/Mantova
Q60,nap,Nova York,https://nap.wikipedia.org/wiki/Nova_York
Q6285,nap,Varese,https://nap.wikipedia.org/wiki/Varese
Q7640,nap,1846,https://nap.wikipedia.org/wiki/1846
Q8409,nap,Alessandro Magno,https://nap.wikipedia.org/wiki/Alessandro_Magno
Q727,nap,Amsterdam,https://nap.wikipedia.org/wiki/Amsterdam
Q78516,nap,Anna Netrebko,https://nap.wikipedia.org/wiki/Anna_Netrebko
Q76,nap,Barack Obama,https://nap.wikipedia.org/wiki/Barack_Obama
Q64,nap,Berlino,https://nap.wikipedia.org/wiki/Berlino
Q756916,nap,Centro Federal de Educação Tecnológica Celso Suckow da Fonseca,https://nap.wikipedia.org/wiki/Centro_Federal_de_Educa%C3%A7%C3%A3o_Tecnol%C3%B3gica_Celso_Suckow_da_Fonseca
Q739,nap,Colombia,https://nap.wikipedia.org/wiki/Colombia
Q83285,nap,Durazzo,https://nap.wikipedia.org/wiki/Durazzo
Q764,nap,Fungi,https://nap.wikipedia.org/wiki/Fungi
Q668,nap,Innia,https://nap.wikipedia.org/wiki/Innia
Q794,nap,Iran,https://nap.wikipedia.org/wiki/Iran
Q7026,nap,Lengua catalana,https://nap.wikipedia.org/wiki/Lengua_catalana
Q809,nap,Lengua pulacca,https://nap.wikipedia.org/wiki/Lengua_pulacca
Q7737,nap,Lengua russa,https://nap.wikipedia.org/wiki/Lengua_russa
Q652,nap,Lengua taliana,https://nap.wikipedia.org/wiki/Lengua_taliana
Q762,nap,Leonardo da Vinci,https://nap.wikipedia.org/wiki/Leonardo_da_Vinci
Q84,nap,Londra,https://nap.wikipedia.org/wiki/Londra
Q65,nap,Los Angeles,https://nap.wikipedia.org/wiki/Los_Angeles
Q649,nap,Mosca,https://nap.wikipedia.org/wiki/Mosca
Q8023,nap,Nelson Mandela,https://nap.wikipedia.org/wiki/Nelson_Mandela
Q664,nap,Nòva Zelanna,https://nap.wikipedia.org/wiki/N%C3%B2va_Zelanna
Q787,nap,Puorco,https://nap.wikipedia.org/wiki/Puorco
Q8678,nap,Rio de Janeiro,https://nap.wikipedia.org/wiki/Rio_de_Janeiro
Q83338,nap,Robin Williams,https://nap.wikipedia.org/wiki/Robin_Williams
Q855,nap,Stalin,https://nap.wikipedia.org/wiki/Stalin
Q7944,nap,Tarramute,https://nap.wikipedia.org/wiki/Tarramute
Q8676,nap,Uerra civile ammerecana,https://nap.wikipedia.org/wiki/Uerra_civile_ammerecana
Q641,nap,Venezia,https://nap.wikipedia.org/wiki/Venezia
Q717,nap,Venezuela,https://nap.wikipedia.org/wiki/Venezuela
Q849751,nap,York University,https://nap.wikipedia.org/wiki/York_University
Q9121,nap,Atomo,https://nap.wikipedia.org/wiki/Atomo
Q9022,nap,Guadalajara,https://nap.wikipedia.org/wiki/Guadalajara
Q96,nap,Messeco,https://nap.wikipedia.org/wiki/Messeco
Q97,nap,Oceano Atlanteco,https://nap.wikipedia.org/wiki/Oceano_Atlanteco
Q90,nap,Parigge,https://nap.wikipedia.org/wiki/Parigge
Q9960,nap,Ronald Reagan,https://nap.wikipedia.org/wiki/Ronald_Reagan
Q881,nap,Vietnam,https://nap.wikipedia.org/wiki/Vietnam
Q1284,lmo,Abruzzo,https://lmo.wikipedia.org/wiki/Abruzzo
Q1199,lmo,Assia,https://lmo.wikipedia.org/wiki/Assia
Q118,lmo,Avril,https://lmo.wikipedia.org/wiki/Avril
Q13496,lmo,Brindisi,https://lmo.wikipedia.org/wiki/Brindisi
Q13680,lmo,Caltaniseta,https://lmo.wikipedia.org/wiki/Caltaniseta
Q1297,lmo,Chicago,https://lmo.wikipedia.org/wiki/Chicago
Q1072,lmo,Coeur,https://lmo.wikipedia.org/wiki/Coeur
Q116341,lmo,Coriza,https://lmo.wikipedia.org/wiki/Coriza
Q1067,lmo,Dant Ligher,https://lmo.wikipedia.org/wiki/Dant_Ligher
Q126,lmo,Dicember,https://lmo.wikipedia.org/wiki/Dicember
Q114257,lmo,Elbasan,https://lmo.wikipedia.org/wiki/Elbasan
Q1263,lmo,Emilia-Romagna,https://lmo.wikipedia.org/wiki/Emilia-Romagna
Q109,lmo,Fevrer,https://lmo.wikipedia.org/wiki/Fevrer
Q1250,lmo,Friul-Venezia Giulia,https://lmo.wikipedia.org/wiki/Friul-Venezia_Giulia
Q1321,lmo,Lengua spagnöla,https://lmo.wikipedia.org/wiki/Lengua_spagn%C3%B6la
Q1256,lmo,Ligüria,https://lmo.wikipedia.org/wiki/Lig%C3%BCria
Q1210,lmo,Lombardia,https://lmo.wikipedia.org/wiki/Lombardia
Q13373,lmo,Lucca,https://lmo.wikipedia.org/wiki/Lucca
Q121,lmo,Luj,https://lmo.wikipedia.org/wiki/Luj
Q105,lmo,Lundì,https://lmo.wikipedia.org/wiki/Lund%C3%AC
Q1282,lmo,Làsio,https://lmo.wikipedia.org/wiki/L%C3%A0sio
Q1279,lmo,Marche,https://lmo.wikipedia.org/wiki/Marche
Q127,lmo,Mardì,https://lmo.wikipedia.org/wiki/Mard%C3%AC
Q111,lmo,Marte (pianeta),https://lmo.wikipedia.org/wiki/Marte_(pianeta)
Q110,lmo,Marz,https://lmo.wikipedia.org/wiki/Marz
Q119,lmo,Masg,https://lmo.wikipedia.org/wiki/Masg
Q13666,lmo,Mesina,https://lmo.wikipedia.org/wiki/Mesina
Q125,lmo,Nuember,https://lmo.wikipedia.org/wiki/Nuember
Q1216,lmo,Piemont,https://lmo.wikipedia.org/wiki/Piemont
Q13375,lmo,Pisa,https://lmo.wikipedia.org/wiki/Pisa
Q1085,lmo,Praga,https://lmo.wikipedia.org/wiki/Praga
Q13629,lmo,Sassari,https://lmo.wikipedia.org/wiki/Sassari
Q123,lmo,Setember,https://lmo.wikipedia.org/wiki/Setember
Q108,lmo,Sgener,https://lmo.wikipedia.org/wiki/Sgener
Q120,lmo,Sgiugn,https://lmo.wikipedia.org/wiki/Sgiugn
Q11860,lmo,Silvio Berlusconi,https://lmo.wikipedia.org/wiki/Silvio_Berlusconi
Q1299,lmo,The Beatles,https://lmo.wikipedia.org/wiki/The_Beatles
Q1273,lmo,Toscana,https://lmo.wikipedia.org/wiki/Toscana
Q1404,lmo,Uetersen,https://lmo.wikipedia.org/wiki/Uetersen
Q1280,lmo,Umbria,https://lmo.wikipedia.org/wiki/Umbria
Q132140,lmo,Universidade Federal de Minas Gerais,https://lmo.wikipedia.org/wiki/Universidade_Federal_de_Minas_Gerais
Q1065,lmo,Urganizaziun di Naziun Ünii,https://lmo.wikipedia.org/wiki/Urganizaziun_di_Naziun_%C3%9Cnii
Q124,lmo,Utuber,https://lmo.wikipedia.org/wiki/Utuber
Q1243,lmo,Veneto,https://lmo.wikipedia.org/wiki/Veneto
Q122,lmo,Vost,https://lmo.wikipedia.org/wiki/Vost
Q15,lmo,Africa,https://lmo.wikipedia.org/wiki/Africa
Q173,lmo,Alabama,https://lmo.wikipedia.org/wiki/Alabama
Q173690,lmo,Argirocaster,https://lmo.wikipedia.org/wiki/Argirocaster
Q1492,lmo,Barcelona,https://lmo.wikipedia.org/wiki/Barcelona
Q1452,lmo,Basilicada,https://lmo.wikipedia.org/wiki/Basilicada
Q170244,lmo,Berat,https://lmo.wikipedia.org/wiki/Berat
Q1479,lmo,Bordeaux,https://lmo.wikipedia.org/wiki/Bordeaux
Q155,lmo,Brasil,https://lmo.wikipedia.org/wiki/Brasil
Q1486,lmo,Buenos Aires,https://lmo.wikipedia.org/wiki/Buenos_Aires
Q1458,lmo,Calabria,https://lmo.wikipedia.org/wiki/Calabria
Q1438,lmo,Campania,https://lmo.wikipedia.org/wiki/Campania
Q16,lmo,Canada,https://lmo.wikipedia.org/wiki/Canada
Q159106,lmo,Centro Federal de Educação Tecnológica de Minas Gerais,https://lmo.wikipedia.org/wiki/Centro_Federal_de_Educa%C3%A7%C3%A3o_Tecnol%C3%B3gica_de_Minas_Gerais
Q148,lmo,Cina,https://lmo.wikipedia.org/wiki/Cina
Q1489,lmo,Cità del Messich,https://lmo.wikipedia.org/wiki/Cit%C3%A0_del_Messich
Q1748,lmo,Cupenaghen,https://lmo.wikipedia.org/wiki/Cupenaghen
Q157,lmo,François Hollande,https://lmo.wikipedia.org/wiki/Fran%C3%A7ois_Hollande
Q142,lmo,Frància,https://lmo.wikipedia.org/wiki/Fr%C3%A0ncia
Q1449,lmo,Genua,https://lmo.wikipedia.org/wiki/Genua
Q150,lmo,Lengua francesa,https://lmo.wikipedia.org/wiki/Lengua_francesa
Q15085,lmo,Lengua piemuntesa,https://lmo.wikipedia.org/wiki/Lengua_piemuntesa
Q14759,lmo,Lèngua dei sègn americàna,https://lmo.wikipedia.org/wiki/L%C3%A8ngua_dei_s%C3%A8gn_americ%C3%A0na
Q165,lmo,Mar,https://lmo.wikipedia.org/wiki/Mar
Q15143059,lmo,Maria Elena Boschi,https://lmo.wikipedia.org/wiki/Maria_Elena_Boschi
Q1494,lmo,Mississippi,https://lmo.wikipedia.org/wiki/Mississippi
Q1443,lmo,Molise,https://lmo.wikipedia.org/wiki/Molise
Q1726,lmo,Monegh de Baviera,https://lmo.wikipedia.org/wiki/Monegh_de_Baviera
Q1408,lmo,New Jersey,https://lmo.wikipedia.org/wiki/New_Jersey
Q1447,lmo,Puja,https://lmo.wikipedia.org/wiki/Puja
Q15862,lmo,Queen,https://lmo.wikipedia.org/wiki/Queen
Q145,lmo,Regn Unid,https://lmo.wikipedia.org/wiki/Regn_Unid
Q159,lmo,Rüssia,https://lmo.wikipedia.org/wiki/R%C3%BCssia
Q1462,lmo,Sardegna,https://lmo.wikipedia.org/wiki/Sardegna
Q1460,lmo,Sicilia,https://lmo.wikipedia.org/wiki/Sicilia
Q174,lmo,São Paulo,https://lmo.wikipedia.org/wiki/S%C3%A3o_Paulo
Q1490,lmo,Tokyo,https://lmo.wikipedia.org/wiki/Tokyo
Q156406,lmo,Universidade Estadual de Feira de Santana,https://lmo.wikipedia.org/wiki/Universidade_Estadual_de_Feira_de_Santana
Q159102,lmo,Universidade Federal da Bahia,https://lmo.wikipedia.org/wiki/Universidade_Federal_da_Bahia
Q159610,lmo,Valona,https://lmo.wikipedia.org/wiki/Valona
Q2035,lmo,1901,https://lmo.wikipedia.org/wiki/1901
Q2057,lmo,1909,https://lmo.wikipedia.org/wiki/1909
Q2155,lmo,1920,https://lmo.wikipedia.org/wiki/1920
Q2162,lmo,1921,https://lmo.wikipedia.org/wiki/1921
Q19715,lmo,1928,https://lmo.wikipedia.org/wiki/1928
Q2070,lmo,1996,https://lmo.wikipedia.org/wiki/1996
Q2091,lmo,1999,https://lmo.wikipedia.org/wiki/1999
Q1988,lmo,2001,https://lmo.wikipedia.org/wiki/2001
Q1987,lmo,2002,https://lmo.wikipedia.org/wiki/2002
Q1986,lmo,2003,https://lmo.wikipedia.org/wiki/2003
Q2014,lmo,2004,https://lmo.wikipedia.org/wiki/2004
Q2019,lmo,2005,https://lmo.wikipedia.org/wiki/2005
Q2021,lmo,2006,https://lmo.wikipedia.org/wiki/2006
Q2024,lmo,2007,https://lmo.wikipedia.org/wiki/2007
Q2004,lmo,2008,https://lmo.wikipedia.org/wiki/2008
Q1996,lmo,2009,https://lmo.wikipedia.org/wiki/2009
Q1995,lmo,2010,https://lmo.wikipedia.org/wiki/2010
Q18400,lmo,Alatri,https://lmo.wikipedia.org/wiki/Alatri
Q1845,lmo,Bibia,https://lmo.wikipedia.org/wiki/Bibia
Q184,lmo,Bielurüssia,https://lmo.wikipedia.org/wiki/Bielur%C3%BCssia
Q1891,lmo,Bologna,https://lmo.wikipedia.org/wiki/Bologna
Q1903,lmo,Catania,https://lmo.wikipedia.org/wiki/Catania
Q213,lmo,Cechia,https://lmo.wikipedia.org/wiki/Cechia
Q1880,lmo,Concepción,https://lmo.wikipedia.org/wiki/Concepci%C3%B3n
Q1877,lmo,Dong Hoi,https://lmo.wikipedia.org/wiki/Dong_Hoi
Q188500,lmo,Elisha Cuthbert,https://lmo.wikipedia.org/wiki/Elisha_Cuthbert
Q191,lmo,Estonia,https://lmo.wikipedia.org/wiki/Estonia
Q190897,lmo,Fier,https://lmo.wikipedia.org/wiki/Fier
Q2044,lmo,Firenz,https://lmo.wikipedia.org/wiki/Firenz
Q1794,lmo,Francufort sül Men,https://lmo.wikipedia.org/wiki/Francufort_s%C3%BCl_Men
Q183,lmo,Germania,https://lmo.wikipedia.org/wiki/Germania
Q17,lmo,Giapon,https://lmo.wikipedia.org/wiki/Giapon
Q21198,lmo,Informatega,https://lmo.wikipedia.org/wiki/Informatega
Q189,lmo,Islanda,https://lmo.wikipedia.org/wiki/Islanda
Q1959,lmo,Końskowola,https://lmo.wikipedia.org/wiki/Ko%C5%84skowola
Q210197,lmo,Kukës,https://lmo.wikipedia.org/wiki/Kuk%C3%ABs
Q19814,lmo,Lengov romanze,https://lmo.wikipedia.org/wiki/Lengov_romanze
Q1860,lmo,Lengua inglesa,https://lmo.wikipedia.org/wiki/Lengua_inglesa
Q188,lmo,Lengua todesca,https://lmo.wikipedia.org/wiki/Lengua_todesca
Q19697,lmo,Motorhead,https://lmo.wikipedia.org/wiki/Motorhead
Q217096,lmo,Naruhito,https://lmo.wikipedia.org/wiki/Naruhito
Q20,lmo,Nurvegia,https://lmo.wikipedia.org/wiki/Nurvegia
Q176,lmo,Québec (pruinsa e nasiù),https://lmo.wikipedia.org/wiki/Qu%C3%A9bec_(pruinsa_e_nasi%C3%B9)
Q19581,lmo,Rafael Correa,https://lmo.wikipedia.org/wiki/Rafael_Correa
Q18013,lmo,Sacramento,https://lmo.wikipedia.org/wiki/Sacramento
Q193,lmo,Saturno (pianeta),https://lmo.wikipedia.org/wiki/Saturno_(pianeta)
Q215,lmo,Sluenia,https://lmo.wikipedia.org/wiki/Sluenia
Q212,lmo,Ucraina,https://lmo.wikipedia.org/wiki/Ucraina
Q1859,lmo,Vera gesa da Gesüü Crist,https://lmo.wikipedia.org/wiki/Vera_gesa_da_Ges%C3%BC%C3%BC_Crist
Q196163,lmo,Łobez,https://lmo.wikipedia.org/wiki/%C5%81obez
Q2479,lmo,1975,https://lmo.wikipedia.org/wiki/1975
Q2437,lmo,1981,https://lmo.wikipedia.org/wiki/1981
Q2436,lmo,1982,https://lmo.wikipedia.org/wiki/1982
Q2432,lmo,1984,https://lmo.wikipedia.org/wiki/1984
Q2431,lmo,1985,https://lmo.wikipedia.org/wiki/1985
Q2425,lmo,1989,https://lmo.wikipedia.org/wiki/1989
Q283,lmo,Aigua,https://lmo.wikipedia.org/wiki/Aigua
Q222,lmo,Albania,https://lmo.wikipedia.org/wiki/Albania
Q228,lmo,Andorra,https://lmo.wikipedia.org/wiki/Andorra
Q227,lmo,Azerbaigian,https://lmo.wikipedia.org/wiki/Azerbaigian
Q2736,lmo,Balun,https://lmo.wikipedia.org/wiki/Balun
Q2386011,lmo,Bochotnica,https://lmo.wikipedia.org/wiki/Bochotnica
Q2841,lmo,Bogotà,https://lmo.wikipedia.org/wiki/Bogot%C3%A0
Q225,lmo,Bosnia e Erzegovina,https://lmo.wikipedia.org/wiki/Bosnia_e_Erzegovina
Q2844,lmo,Brasilia,https://lmo.wikipedia.org/wiki/Brasilia
Q219,lmo,Bülgaria,https://lmo.wikipedia.org/wiki/B%C3%BClgaria
Q298,lmo,Cile,https://lmo.wikipedia.org/wiki/Cile
Q237,lmo,Cità del Vatican,https://lmo.wikipedia.org/wiki/Cit%C3%A0_del_Vatican
Q224,lmo,Cruazia,https://lmo.wikipedia.org/wiki/Cruazia
Q22686,lmo,Donald Trump,https://lmo.wikipedia.org/wiki/Donald_Trump
Q230,lmo,Georgia,https://lmo.wikipedia.org/wiki/Georgia
Q302,lmo,Gesù de Nazaret,https://lmo.wikipedia.org/wiki/Ges%C3%B9_de_Nazaret
Q21,lmo,Inghiltèra,https://lmo.wikipedia.org/wiki/Inghilt%C3%A8ra
Q2316,lmo,Kurów,https://lmo.wikipedia.org/wiki/Kur%C3%B3w
Q233,lmo,Malta,https://lmo.wikipedia.org/wiki/Malta
Q308,lmo,Mercurio (pianeta),https://lmo.wikipedia.org/wiki/Mercurio_(pianeta)
Q2831,lmo,Michael Jackson,https://lmo.wikipedia.org/wiki/Michael_Jackson
Q29364,lmo,Montgomery (Alabama),https://lmo.wikipedia.org/wiki/Montgomery_(Alabama)
Q26426,lmo,Montpelier,https://lmo.wikipedia.org/wiki/Montpelier
Q236,lmo,Muntnegher,https://lmo.wikipedia.org/wiki/Muntnegher
Q2634,lmo,Napoli,https://lmo.wikipedia.org/wiki/Napoli
Q23441,lmo,Octave Mirbeau,https://lmo.wikipedia.org/wiki/Octave_Mirbeau
Q23393,lmo,Pader Noster,https://lmo.wikipedia.org/wiki/Pader_Noster
Q2656,lmo,Palermo,https://lmo.wikipedia.org/wiki/Palermo
Q220,lmo,Roma,https://lmo.wikipedia.org/wiki/Roma
Q218,lmo,Rumania,https://lmo.wikipedia.org/wiki/Rumania
Q238,lmo,San Marin,https://lmo.wikipedia.org/wiki/San_Marin
Q2887,lmo,Santiago del Cile,https://lmo.wikipedia.org/wiki/Santiago_del_Cile
Q2751,lmo,Siena,https://lmo.wikipedia.org/wiki/Siena
Q29,lmo,Spagna,https://lmo.wikipedia.org/wiki/Spagna
Q30,lmo,Stat Unid d'America,https://lmo.wikipedia.org/wiki/Stat_Unid_d%27America
Q309,lmo,Stòria,https://lmo.wikipedia.org/wiki/St%C3%B2ria
Q2,lmo,Tera,https://lmo.wikipedia.org/wiki/Tera
Q223495,lmo,The Carpenters,https://lmo.wikipedia.org/wiki/The_Carpenters
Q2495760,lmo,Universidade do Estado de Minas Gerais,https://lmo.wikipedia.org/wiki/Universidade_do_Estado_de_Minas_Gerais
Q26319,lmo,Università Niccolò Cusano,https://lmo.wikipedia.org/wiki/Universit%C3%A0_Niccol%C3%B2_Cusano
Q270,lmo,Varsavia,https://lmo.wikipedia.org/wiki/Varsavia
Q28,lmo,Üngheria,https://lmo.wikipedia.org/wiki/%C3%9Cngheria
Q352,lmo,Adolf Hitler,https://lmo.wikipedia.org/wiki/Adolf_Hitler
Q399,lmo,Armenia,https://lmo.wikipedia.org/wiki/Armenia
Q3863,lmo,Asteroide,https://lmo.wikipedia.org/wiki/Asteroide
Q333,lmo,Astronomia,https://lmo.wikipedia.org/wiki/Astronomia
Q408,lmo,Australia,https://lmo.wikipedia.org/wiki/Australia
Q40,lmo,Austria,https://lmo.wikipedia.org/wiki/Austria
Q3519,lmo,Bari,https://lmo.wikipedia.org/wiki/Bari
Q383541,lmo,Basshunter,https://lmo.wikipedia.org/wiki/Basshunter
Q31,lmo,Belgi,https://lmo.wikipedia.org/wiki/Belgi
Q35135,lmo,Catalão,https://lmo.wikipedia.org/wiki/Catal%C3%A3o
Q35,lmo,Danimarca,https://lmo.wikipedia.org/wiki/Danimarca
Q33,lmo,Finlandia,https://lmo.wikipedia.org/wiki/Finlandia
Q38,lmo,Itàlia,https://lmo.wikipedia.org/wiki/It%C3%A0lia
Q34600,lmo,Kyoto,https://lmo.wikipedia.org/wiki/Kyoto
Q397,lmo,Latin,https://lmo.wikipedia.org/wiki/Latin
Q33976,lmo,Lengua sardagnöla,https://lmo.wikipedia.org/wiki/Lengua_sardagn%C3%B6la
Q347,lmo,Liechtenstein,https://lmo.wikipedia.org/wiki/Liechtenstein
Q37,lmo,Lituania,https://lmo.wikipedia.org/wiki/Lituania
Q36239,lmo,Lèngua d'i sègn neozelandesa,https://lmo.wikipedia.org/wiki/L%C3%A8ngua_d%27i_s%C3%A8gn_neozelandesa
Q33000,lmo,Lèngua dei sègn britànica,https://lmo.wikipedia.org/wiki/L%C3%A8ngua_dei_s%C3%A8gn_brit%C3%A0nica
Q33302,lmo,Lèngua dei sègn franséza,https://lmo.wikipedia.org/wiki/L%C3%A8ngua_dei_s%C3%A8gn_frans%C3%A9za
Q375619,lmo,Lèngua dei sègn italiana,https://lmo.wikipedia.org/wiki/L%C3%A8ngua_dei_s%C3%A8gn_italiana
Q33282,lmo,Lèngua dei sègn todèsca,https://lmo.wikipedia.org/wiki/L%C3%A8ngua_dei_s%C3%A8gn_tod%C3%A8sca
Q405,lmo,Lüna,https://lmo.wikipedia.org/wiki/L%C3%BCna
Q32,lmo,Lüssemburgh,https://lmo.wikipedia.org/wiki/L%C3%BCssemburgh
Q3847714,lmo,Mariana Madia,https://lmo.wikipedia.org/wiki/Mariana_Madia
Q332,lmo,Netü (pianeta),https://lmo.wikipedia.org/wiki/Net%C3%BC_(pianeta)
Q35109,lmo,Noemi,https://lmo.wikipedia.org/wiki/Noemi
Q33959,lmo,Nìsa,https://lmo.wikipedia.org/wiki/N%C3%ACsa
Q34863,lmo,Oklahoma City,https://lmo.wikipedia.org/wiki/Oklahoma_City
Q4035,lmo,Osasco,https://lmo.wikipedia.org/wiki/Osasco
Q36,lmo,Polònia,https://lmo.wikipedia.org/wiki/Pol%C3%B2nia
Q361,lmo,Prima guera mondial,https://lmo.wikipedia.org/wiki/Prima_guera_mondial
Q34001,lmo,Roubaix,https://lmo.wikipedia.org/wiki/Roubaix
Q30974,lmo,Rouen,https://lmo.wikipedia.org/wiki/Rouen
Q362,lmo,Segónda guèra mondiàl,https://lmo.wikipedia.org/wiki/Seg%C3%B3nda_gu%C3%A8ra_mondi%C3%A0l
Q403,lmo,Serbia,https://lmo.wikipedia.org/wiki/Serbia
Q36198,lmo,Siligo,https://lmo.wikipedia.org/wiki/Siligo
Q34,lmo,Svezia,https://lmo.wikipedia.org/wiki/Svezia
Q39,lmo,Svìzzera,https://lmo.wikipedia.org/wiki/Sv%C3%ACzzera
Q33986,lmo,Valparaiso,https://lmo.wikipedia.org/wiki/Valparaiso
Q313,lmo,Vener (pianeta),https://lmo.wikipedia.org/wiki/Vener_(pianeta)
Q3594268,lmo,Šiprage,https://lmo.wikipedia.org/wiki/%C5%A0iprage
Q5165,lmo,1948,https://lmo.wikipedia.org/wiki/1948
Q5253,lmo,1958,https://lmo.wikipedia.org/wiki/1958
Q5202,lmo,Almazán,https://lmo.wikipedia.org/wiki/Almaz%C3%A1n
Q51,lmo,Antartid,https://lmo.wikipedia.org/wiki/Antartid
Q414,lmo,Argentina,https://lmo.wikipedia.org/wiki/Argentina
Q48,lmo,Asia,https://lmo.wikipedia.org/wiki/Asia
Q4604,lmo,Confuci,https://lmo.wikipedia.org/wiki/Confuci
Q4617,lmo,Corbin Bleu,https://lmo.wikipedia.org/wiki/Corbin_Bleu
Q4361,lmo,Curitiba,https://lmo.wikipedia.org/wiki/Curitiba
Q5105,lmo,Céline Dion,https://lmo.wikipedia.org/wiki/C%C3%A9line_Dion
Q43387,lmo,Edirne,https://lmo.wikipedia.org/wiki/Edirne
Q5292,lmo,Enciclupedia,https://lmo.wikipedia.org/wiki/Enciclupedia
Q46,lmo,Europa,https://lmo.wikipedia.org/wiki/Europa
Q413,lmo,Fisica,https://lmo.wikipedia.org/wiki/Fisica
Q469925,lmo,Ghil'ad Zuckermann,https://lmo.wikipedia.org/wiki/Ghil%27ad_Zuckermann
Q41,lmo,Grecia,https://lmo.wikipedia.org/wiki/Grecia
Q4414537,lmo,Guillermo Lasso,https://lmo.wikipedia.org/wiki/Guillermo_Lasso
Q5208,lmo,Huang Xianfan,https://lmo.wikipedia.org/wiki/Huang_Xianfan
Q4842556,lmo,Instituto Federal da Bahia,https://lmo.wikipedia.org/wiki/Instituto_Federal_da_Bahia
Q432,lmo,Islam,https://lmo.wikipedia.org/wiki/Islam
Q5146,lmo,Lengua portoghesa,https://lmo.wikipedia.org/wiki/Lengua_portoghesa
Q4918,lmo,Mar Mediterrani,https://lmo.wikipedia.org/wiki/Mar_Mediterrani
Q4616,lmo,Marilyn Monroe,https://lmo.wikipedia.org/wiki/Marilyn_Monroe
Q490,lmo,Milan,https://lmo.wikipedia.org/wiki/Milan
Q517,lmo,Napoleon Bonapart,https://lmo.wikipedia.org/wiki/Napoleon_Bonapart
Q507595,lmo,Nichi Vendola,https://lmo.wikipedia.org/wiki/Nichi_Vendola
Q55643,lmo,Oceania,https://lmo.wikipedia.org/wiki/Oceania
Q55,lmo,Paes Bass,https://lmo.wikipedia.org/wiki/Paes_Bass
Q450675,lmo,Papa Francesch,https://lmo.wikipedia.org/wiki/Papa_Francesch
Q473466,lmo,Paramore,https://lmo.wikipedia.org/wiki/Paramore
Q45,lmo,Portugàl (Stat),https://lmo.wikipedia.org/wiki/Portug%C3%A0l_(Stat)
Q544,lmo,Sistema Solar,https://lmo.wikipedia.org/wiki/Sistema_Solar
Q525,lmo,Sol,https://lmo.wikipedia.org/wiki/Sol
Q4688112,lmo,Sung Jae-gi,https://lmo.wikipedia.org/wiki/Sung_Jae-gi
Q43,lmo,Türchia,https://lmo.wikipedia.org/wiki/T%C3%BCrchia
Q495,lmo,Türì,https://lmo.wikipedia.org/wiki/T%C3%BCr%C3%AC
Q5582,lmo,Vincent van Gogh,https://lmo.wikipedia.org/wiki/Vincent_van_Gogh
Q52,lmo,Wikipedia,https://lmo.wikipedia.org/wiki/Wikipedia
Q577,lmo,Ann,https://lmo.wikipedia.org/wiki/Ann
Q6221,lmo,Brèsa,https://lmo.wikipedia.org/wiki/Br%C3%A8sa
Q628,lmo,Bèrghem,https://lmo.wikipedia.org/wiki/B%C3%A8rghem
Q6105,lmo,Hebe Camargo,https://lmo.wikipedia.org/wiki/Hebe_Camargo
Q561147,lmo,Joan Fuster,https://lmo.wikipedia.org/wiki/Joan_Fuster
Q6279,lmo,Joe Biden,https://lmo.wikipedia.org/wiki/Joe_Biden
Q6247,lmo,Mantua,https://lmo.wikipedia.org/wiki/Mantua
Q60,lmo,New York,https://lmo.wikipedia.org/wiki/New_York
Q634,lmo,Pianeta,https://lmo.wikipedia.org/wiki/Pianeta
Q6285,lmo,Vares,https://lmo.wikipedia.org/wiki/Vares
Q7640,lmo,1846,https://lmo.wikipedia.org/wiki/1846
Q727,lmo,Amsterdam,https://lmo.wikipedia.org/wiki/Amsterdam
Q78516,lmo,Anna Netrebko,https://lmo.wikipedia.org/wiki/Anna_Netrebko
Q76,lmo,Barack Obama,https://lmo.wikipedia.org/wiki/Barack_Obama
Q64,lmo,Berlin,https://lmo.wikipedia.org/wiki/Berlin
Q756916,lmo,Centro Federal de Educação Tecnológica Celso Suckow da Fonseca,https://lmo.wikipedia.org/wiki/Centro_Federal_de_Educa%C3%A7%C3%A3o_Tecnol%C3%B3gica_Celso_Suckow_da_Fonseca
Q739,lmo,Culumbia,https://lmo.wikipedia.org/wiki/Culumbia
Q83285,lmo,Durazz,https://lmo.wikipedia.org/wiki/Durazz
Q764,lmo,Fungi,https://lmo.wikipedia.org/wiki/Fungi
Q8676,lmo,Guerra Civil Americana,https://lmo.wikipedia.org/wiki/Guerra_Civil_Americana
Q668,lmo,India,https://lmo.wikipedia.org/wiki/India
Q794,lmo,Iran,https://lmo.wikipedia.org/wiki/Iran
Q855,lmo,Josif Stalin,https://lmo.wikipedia.org/wiki/Josif_Stalin
Q7026,lmo,Lengua catalana,https://lmo.wikipedia.org/wiki/Lengua_catalana
Q652,lmo,Lengua italiana,https://lmo.wikipedia.org/wiki/Lengua_italiana
Q809,lmo,Lengua polacca,https://lmo.wikipedia.org/wiki/Lengua_polacca
Q7737,lmo,Lengua russa,https://lmo.wikipedia.org/wiki/Lengua_russa
Q762,lmo,Leonard da Vinci,https://lmo.wikipedia.org/wiki/Leonard_da_Vinci
Q8409,lmo,Lissander III de Macedònia,https://lmo.wikipedia.org/wiki/Lissander_III_de_Maced%C3%B2nia
Q65,lmo,Los Angeles,https://lmo.wikipedia.org/wiki/Los_Angeles
Q84,lmo,Lundra,https://lmo.wikipedia.org/wiki/Lundra
Q649,lmo,Musca (Rüssia),https://lmo.wikipedia.org/wiki/Musca_(R%C3%BCssia)
Q8023,lmo,Nelson Mandela,https://lmo.wikipedia.org/wiki/Nelson_Mandela
Q664,lmo,Noeuva Zelanda,https://lmo.wikipedia.org/wiki/Noeuva_Zelanda
Q8678,lmo,Rio de Janeiro,https://lmo.wikipedia.org/wiki/Rio_de_Janeiro
Q83338,lmo,Robin Williams,https://lmo.wikipedia.org/wiki/Robin_Williams
Q787,lmo,Sus scrofa domestica,https://lmo.wikipedia.org/wiki/Sus_scrofa_domestica
Q7944,lmo,Terremot,https://lmo.wikipedia.org/wiki/Terremot
Q717,lmo,Venezuela,https://lmo.wikipedia.org/wiki/Venezuela
Q641,lmo,Venèzia,https://lmo.wikipedia.org/wiki/Ven%C3%A8zia
Q849751,lmo,York University,https://lmo.wikipedia.org/wiki/York_University
Q9121,lmo,Atum,https://lmo.wikipedia.org/wiki/Atum
Q9022,lmo,Guadalajara (Jalisco),https://lmo.wikipedia.org/wiki/Guadalajara_(Jalisco)
Q96,lmo,Messich,https://lmo.wikipedia.org/wiki/Messich
Q90,lmo,Paris,https://lmo.wikipedia.org/wiki/Paris
Q9960,lmo,Ronald Reagan,https://lmo.wikipedia.org/wiki/Ronald_Reagan
Q97,lmo,Ucean Atlantich,https://lmo.wikipedia.org/wiki/Ucean_Atlantich
Q881,lmo,Vietnam,https://lmo.wikipedia.org/wiki/Vietnam
